similarity,sent_num,story,lang,lag,span
NA,1,1,eng,1,1
NA,2,1,eng,1,1
0.6094299105278017,3,1,eng,1,1
0.3019499188745683,4,1,eng,1,1
0.29339402496917366,5,1,eng,1,1
0.11437790933025639,6,1,eng,1,1
0.15869605577758172,7,1,eng,1,1
0.3022148980107909,8,1,eng,1,1
0.44215948594409205,9,1,eng,1,1
0.31003176362913226,10,1,eng,1,1
0.6136535059577656,11,1,eng,1,1
0.20126714306248564,12,1,eng,1,1
0.15594162294091474,13,1,eng,1,1
0.211331438830159,14,1,eng,1,1
0.4169881327401771,15,1,eng,1,1
0.23777670501141926,16,1,eng,1,1
0.17624738625296,17,1,eng,1,1
0.1796958428656824,18,1,eng,1,1
0.2361722417481603,19,1,eng,1,1
0.21684600824446756,20,1,eng,1,1
0.3275488949158199,21,1,eng,1,1
0.3386720648888842,22,1,eng,1,1
0.3526257495905442,23,1,eng,1,1
0.4034554241160226,24,1,eng,1,1
0.55506737302552,25,1,eng,1,1
0.1372858149455297,26,1,eng,1,1
0.12245430786459661,27,1,eng,1,1
0.2643782877221011,28,1,eng,1,1
0.19852546630291842,29,1,eng,1,1
0.37751288135170985,30,1,eng,1,1
0.26405269092335626,31,1,eng,1,1
0.4466511354442191,32,1,eng,1,1
0.13350198635565996,33,1,eng,1,1
0.25954553936774577,34,1,eng,1,1
0.5082692467291176,35,1,eng,1,1
0.079684736578152,36,1,eng,1,1
0.25023083638918314,37,1,eng,1,1
0.2217511287000944,38,1,eng,1,1
0.3130215810924567,39,1,eng,1,1
0.2410324287200952,40,1,eng,1,1
-0.004582015811507848,41,1,eng,1,1
0.23611153275276914,42,1,eng,1,1
0.2155062860256305,43,1,eng,1,1
0.14192428502960655,44,1,eng,1,1
0.31647958533725934,45,1,eng,1,1
0.28163552385318935,46,1,eng,1,1
0.31319303023122835,47,1,eng,1,1
0.5938466292180185,48,1,eng,1,1
0.1720477376395784,49,1,eng,1,1
0.2027075134809073,50,1,eng,1,1
0.3400437465279982,51,1,eng,1,1
0.21019992302660404,52,1,eng,1,1
0.2764543725551014,53,1,eng,1,1
-0.0154984390846471,54,1,eng,1,1
0.30351237451248353,55,1,eng,1,1
0.17305918763137004,56,1,eng,1,1
0.20664294053494353,57,1,eng,1,1
0.16351256008776024,58,1,eng,1,1
0.37193445349226945,59,1,eng,1,1
0.1914832264048518,60,1,eng,1,1
0.14268761937184193,61,1,eng,1,1
0.26175074557675965,62,1,eng,1,1
0.15457228700942274,63,1,eng,1,1
0.22965218051350364,64,1,eng,1,1
0.22958570330838166,65,1,eng,1,1
0.14613702556091168,66,1,eng,1,1
0.48916404334490904,67,1,eng,1,1
0.3057846010920845,68,1,eng,1,1
0.5163003167150917,69,1,eng,1,1
0.33571270354727406,70,1,eng,1,1
0.3044125285005542,71,1,eng,1,1
0.4019381844791937,72,1,eng,1,1
0.4375723813506537,73,1,eng,1,1
0.3126103726612192,74,1,eng,1,1
0.17071016430573469,75,1,eng,1,1
0.10190025183316748,76,1,eng,1,1
0.19696681090990834,77,1,eng,1,1
0.164048235722443,78,1,eng,1,1
0.18666476540763577,79,1,eng,1,1
0.15446538122648273,80,1,eng,1,1
0.13475807657840835,81,1,eng,1,1
0.10927287378823758,82,1,eng,1,1
0.3641335089322381,83,1,eng,1,1
0.10520607626444281,84,1,eng,1,1
0.7145777344638451,85,1,eng,1,1
0.13353867992663684,86,1,eng,1,1
0.31045856228169133,87,1,eng,1,1
0.11358785638603983,88,1,eng,1,1
0.2842557530834722,89,1,eng,1,1
0.3853333580707868,90,1,eng,1,1
0.43513234103153164,91,1,eng,1,1
0.3328488254454756,92,1,eng,1,1
0.3120442349053783,93,1,eng,1,1
0.29128500129430324,94,1,eng,1,1
0.3422852178960665,95,1,eng,1,1
0.17334530035636722,96,1,eng,1,1
0.3203440477457472,97,1,eng,1,1
0.33403731631282213,98,1,eng,1,1
0.2628829543757963,99,1,eng,1,1
0.28397754155455457,100,1,eng,1,1
0.12940584848493217,101,1,eng,1,1
0.26334064482864616,102,1,eng,1,1
0.2762076165293211,103,1,eng,1,1
0.26453084529510673,104,1,eng,1,1
0.09728419831062284,105,1,eng,1,1
0.21666945941542112,106,1,eng,1,1
0.10279000311517524,107,1,eng,1,1
0.03597899518795749,108,1,eng,1,1
0.3939867215757634,109,1,eng,1,1
0.2604415664717958,110,1,eng,1,1
0.28911562284276027,111,1,eng,1,1
0.3717857816772245,112,1,eng,1,1
0.138303483343056,113,1,eng,1,1
0.2742066583441536,114,1,eng,1,1
0.3191486145779561,115,1,eng,1,1
0.3167453079104832,116,1,eng,1,1
0.1749384402624157,117,1,eng,1,1
0.027183147779744347,118,1,eng,1,1
0.32279259949667694,119,1,eng,1,1
0.22885288317097513,120,1,eng,1,1
0.11292799373661698,121,1,eng,1,1
0.08003471720197473,122,1,eng,1,1
0.24016258820210865,123,1,eng,1,1
0.08841676868532539,124,1,eng,1,1
0.05126571178213759,125,1,eng,1,1
0.23566408690372262,126,1,eng,1,1
0.047638648836238265,127,1,eng,1,1
0.3010768882596839,128,1,eng,1,1
0.13277745863624418,129,1,eng,1,1
0.02644720536584521,130,1,eng,1,1
-0.0012901176025854923,131,1,eng,1,1
0.3479364123887293,132,1,eng,1,1
0.273598668303133,133,1,eng,1,1
0.2719780568751446,134,1,eng,1,1
0.03392895249498988,135,1,eng,1,1
0.22095964719671898,136,1,eng,1,1
0.20672346092373436,137,1,eng,1,1
0.1890387725891372,138,1,eng,1,1
0.18774036071244027,139,1,eng,1,1
0.3397443502856553,140,1,eng,1,1
0.2993514473781804,141,1,eng,1,1
0.22965369313262415,142,1,eng,1,1
0.6197613501253663,143,1,eng,1,1
0.11920704851609705,144,1,eng,1,1
0.1400523964533576,145,1,eng,1,1
0.22985618737222116,146,1,eng,1,1
0.4441947066536574,147,1,eng,1,1
0.41156604291212523,148,1,eng,1,1
0.469644694428605,149,1,eng,1,1
0.12033130307113622,150,1,eng,1,1
0.16977042857092034,151,1,eng,1,1
0.160962182847808,152,1,eng,1,1
0.21167081116568545,153,1,eng,1,1
0.18174124582955273,154,1,eng,1,1
0.12052169683215637,155,1,eng,1,1
0.14416279369649498,156,1,eng,1,1
0.11387402852643921,157,1,eng,1,1
NA,1,2,rus,1,1
NA,2,2,rus,1,1
0.4016707188257248,3,2,rus,1,1
0.6209461599568911,4,2,rus,1,1
0.39185438832051345,5,2,rus,1,1
0.37019307645166816,6,2,rus,1,1
0.45227498703654045,7,2,rus,1,1
0.3989526549449732,8,2,rus,1,1
0.57535262886313,9,2,rus,1,1
0.45409038198451973,10,2,rus,1,1
0.6654026259796949,11,2,rus,1,1
0.5126422096936835,12,2,rus,1,1
0.5410054380637266,13,2,rus,1,1
0.3799846330349777,14,2,rus,1,1
0.4840380529792517,15,2,rus,1,1
0.4398047088819817,16,2,rus,1,1
0.5260175544794724,17,2,rus,1,1
0.3782387945716332,18,2,rus,1,1
0.3648423921586238,19,2,rus,1,1
0.3645639774854208,20,2,rus,1,1
0.37117921086064937,21,2,rus,1,1
0.24920725514818348,22,2,rus,1,1
0.3283616739343627,23,2,rus,1,1
0.2941944480051049,24,2,rus,1,1
0.5148669848789528,25,2,rus,1,1
0.5788045265065299,26,2,rus,1,1
0.6738662754486237,27,2,rus,1,1
0.4176953541286237,28,2,rus,1,1
0.4687215947258822,29,2,rus,1,1
0.4798910092608275,30,2,rus,1,1
0.435703814252221,31,2,rus,1,1
0.5706273723713278,32,2,rus,1,1
0.30264179599541136,33,2,rus,1,1
0.36599201607147025,34,2,rus,1,1
0.61035732713139,35,2,rus,1,1
0.4597272244252265,36,2,rus,1,1
0.13416089693481473,37,2,rus,1,1
0.42513989207231717,38,2,rus,1,1
0.36315513404658295,39,2,rus,1,1
0.3600176924590521,40,2,rus,1,1
0.5862534699167472,41,2,rus,1,1
0.4739001609043786,42,2,rus,1,1
0.4322091380475492,43,2,rus,1,1
0.21419086629188666,44,2,rus,1,1
0.4976664655712994,45,2,rus,1,1
0.41882425360156783,46,2,rus,1,1
0.47657501753239867,47,2,rus,1,1
0.43065948926894115,48,2,rus,1,1
0.2689082158255335,49,2,rus,1,1
0.25978092271565717,50,2,rus,1,1
0.5425770771164653,51,2,rus,1,1
0.40568868518771783,52,2,rus,1,1
0.6153801327504589,53,2,rus,1,1
0.3648158566443216,54,2,rus,1,1
0.260464251468638,55,2,rus,1,1
0.5335808327217268,56,2,rus,1,1
0.3824747396077022,57,2,rus,1,1
0.3107818678872421,58,2,rus,1,1
0.33104440254586043,59,2,rus,1,1
0.3509944949534692,60,2,rus,1,1
0.5997475986577493,61,2,rus,1,1
0.42342324846677115,62,2,rus,1,1
0.4120836703315551,63,2,rus,1,1
0.4434462703162756,64,2,rus,1,1
0.5934630313362838,65,2,rus,1,1
0.4859126260958735,66,2,rus,1,1
0.6534787698919697,67,2,rus,1,1
0.544568725986266,68,2,rus,1,1
0.3167567404182286,69,2,rus,1,1
0.44749536707828685,70,2,rus,1,1
0.5261617287842735,71,2,rus,1,1
0.4734699048997038,72,2,rus,1,1
0.3606242769271806,73,2,rus,1,1
0.2478308510750446,74,2,rus,1,1
0.29813140037260316,75,2,rus,1,1
0.39176402356454343,76,2,rus,1,1
0.5819690325262028,77,2,rus,1,1
0.49155251635099423,78,2,rus,1,1
0.41615260472513294,79,2,rus,1,1
0.45403267518552726,80,2,rus,1,1
0.3329652645922058,81,2,rus,1,1
0.35845284217268963,82,2,rus,1,1
0.34501949079120964,83,2,rus,1,1
0.32408703497901986,84,2,rus,1,1
0.34813320824778476,85,2,rus,1,1
0.20915215269308163,86,2,rus,1,1
0.24425981808702107,87,2,rus,1,1
0.6437126556917399,88,2,rus,1,1
0.4294412848993485,89,2,rus,1,1
0.4097060210783508,90,2,rus,1,1
0.4941910604789063,91,2,rus,1,1
0.36147750814000695,92,2,rus,1,1
0.5051396277917214,93,2,rus,1,1
0.3458879963256109,94,2,rus,1,1
0.38490454380522937,95,2,rus,1,1
0.4085777197749752,96,2,rus,1,1
0.40210129716259835,97,2,rus,1,1
0.5025944145760911,98,2,rus,1,1
0.5446109251762283,99,2,rus,1,1
0.34057052372133856,100,2,rus,1,1
0.43298744993962524,101,2,rus,1,1
0.20775901164593957,102,2,rus,1,1
0.3091548980878414,103,2,rus,1,1
0.5637630683209499,104,2,rus,1,1
0.4557133401476179,105,2,rus,1,1
0.5087519603818849,106,2,rus,1,1
0.5565227680561337,107,2,rus,1,1
0.3419134487969274,108,2,rus,1,1
0.3852748009837421,109,2,rus,1,1
0.42020557682041115,110,2,rus,1,1
0.3961661223967747,111,2,rus,1,1
0.37198332284655683,112,2,rus,1,1
0.22926090478529815,113,2,rus,1,1
0.3231337381263274,114,2,rus,1,1
0.5453216687655884,115,2,rus,1,1
0.3514864323918104,116,2,rus,1,1
0.47846998775730654,117,2,rus,1,1
0.43340880442044016,118,2,rus,1,1
0.25672564323458064,119,2,rus,1,1
0.3522943504381116,120,2,rus,1,1
0.526191390945701,121,2,rus,1,1
0.5018598279673215,122,2,rus,1,1
0.5544791315892205,123,2,rus,1,1
0.505035101061321,124,2,rus,1,1
0.3729085326033877,125,2,rus,1,1
0.43997094589470126,126,2,rus,1,1
0.5229532109331193,127,2,rus,1,1
0.5273976099684441,128,2,rus,1,1
0.5194813633844434,129,2,rus,1,1
0.5098400793470621,130,2,rus,1,1
0.36708681302603074,131,2,rus,1,1
0.6521929841620885,132,2,rus,1,1
0.3515901822007851,133,2,rus,1,1
0.3399424891691217,134,2,rus,1,1
0.5337480923839573,135,2,rus,1,1
0.6059094776450786,136,2,rus,1,1
0.3922216769347263,137,2,rus,1,1
0.46905391256091156,138,2,rus,1,1
0.4302492503198487,139,2,rus,1,1
0.3994523371566239,140,2,rus,1,1
0.16745549320736547,141,2,rus,1,1
0.3374813334421123,142,2,rus,1,1
0.5354551377751702,143,2,rus,1,1
0.2791745790228871,144,2,rus,1,1
NA,1,3,fre,1,1
NA,2,3,fre,1,1
0.4080291144753653,3,3,fre,1,1
0.28213206705903104,4,3,fre,1,1
0.3135636534350925,5,3,fre,1,1
0.40728732826399267,6,3,fre,1,1
0.49445323356957954,7,3,fre,1,1
0.3646449388689245,8,3,fre,1,1
0.39616962389098354,9,3,fre,1,1
0.25247182507770194,10,3,fre,1,1
0.2908165755028963,11,3,fre,1,1
0.4320422275830287,12,3,fre,1,1
0.3842567702011758,13,3,fre,1,1
0.3767057349270211,14,3,fre,1,1
0.36452549706669823,15,3,fre,1,1
0.4380519046467082,16,3,fre,1,1
0.25779217895842355,17,3,fre,1,1
0.22348595507918795,18,3,fre,1,1
0.2075549062541769,19,3,fre,1,1
0.39367853033087963,20,3,fre,1,1
0.4345618665690638,21,3,fre,1,1
0.25219799262090914,22,3,fre,1,1
0.5985038077887481,23,3,fre,1,1
0.2307310840777156,24,3,fre,1,1
0.38164807610975493,25,3,fre,1,1
0.42459912634884917,26,3,fre,1,1
0.22547532936941056,27,3,fre,1,1
0.38027070815859065,28,3,fre,1,1
0.4630264093072553,29,3,fre,1,1
0.3900684589982768,30,3,fre,1,1
0.44747254659098734,31,3,fre,1,1
0.1360620654527912,32,3,fre,1,1
0.6540997917672875,33,3,fre,1,1
0.31035778122631347,34,3,fre,1,1
0.18039997611400307,35,3,fre,1,1
0.4343167865468949,36,3,fre,1,1
0.42351938891964785,37,3,fre,1,1
0.3850970869750082,38,3,fre,1,1
0.2786465864002113,39,3,fre,1,1
0.44369954274192414,40,3,fre,1,1
0.2457722628561574,41,3,fre,1,1
0.17778567766788425,42,3,fre,1,1
0.31630610281122923,43,3,fre,1,1
0.07257957788166783,44,3,fre,1,1
0.3564945723134061,45,3,fre,1,1
0.38748657097947153,46,3,fre,1,1
0.49717214189523745,47,3,fre,1,1
0.16237770128118487,48,3,fre,1,1
0.292873288705497,49,3,fre,1,1
0.48832511072974044,50,3,fre,1,1
0.29433055705598193,51,3,fre,1,1
0.5167402051044098,52,3,fre,1,1
0.33981243923723786,53,3,fre,1,1
0.19367785975303842,54,3,fre,1,1
0.5697551877567509,55,3,fre,1,1
0.4068197391798732,56,3,fre,1,1
0.39884698714803646,57,3,fre,1,1
0.41909698947596075,58,3,fre,1,1
0.2775779543172534,59,3,fre,1,1
0.28213712754575726,60,3,fre,1,1
0.5141170104485087,61,3,fre,1,1
0.3226173909962113,62,3,fre,1,1
0.29981538133361296,63,3,fre,1,1
0.4064451363045722,64,3,fre,1,1
0.1814464386267357,65,3,fre,1,1
0.26524159053332025,66,3,fre,1,1
0.4199903293335157,67,3,fre,1,1
0.5512823189542045,68,3,fre,1,1
0.3124703059841087,69,3,fre,1,1
0.43239351942639515,70,3,fre,1,1
0.20767450419616248,71,3,fre,1,1
0.21951590695535317,72,3,fre,1,1
0.31364678954227043,73,3,fre,1,1
0.4194117064686273,74,3,fre,1,1
0.4706344290889887,75,3,fre,1,1
0.40350370405246405,76,3,fre,1,1
0.25375801108567514,77,3,fre,1,1
0.31585625172272225,78,3,fre,1,1
0.3030748819871805,79,3,fre,1,1
0.3417851853239439,80,3,fre,1,1
0.40591075748771877,81,3,fre,1,1
0.3785231479597625,82,3,fre,1,1
0.32631354014409947,83,3,fre,1,1
0.3226951184282532,84,3,fre,1,1
0.1915554498330535,85,3,fre,1,1
0.2751429833365293,86,3,fre,1,1
0.3228470908262334,87,3,fre,1,1
0.24488050684150353,88,3,fre,1,1
0.37939883466370644,89,3,fre,1,1
0.3591630134823808,90,3,fre,1,1
0.044808847344504764,91,3,fre,1,1
0.44776378661879235,92,3,fre,1,1
0.44776378661879235,93,3,fre,1,1
0.4812420385312257,94,3,fre,1,1
0.2171627044426971,95,3,fre,1,1
0.619850442463043,96,3,fre,1,1
0.39968560892841565,97,3,fre,1,1
0.3286853642079098,98,3,fre,1,1
0.4235267157079294,99,3,fre,1,1
0.3919757964836684,100,3,fre,1,1
0.4007228686245478,101,3,fre,1,1
0.3387202063155837,102,3,fre,1,1
0.34044383931311056,103,3,fre,1,1
0.3398077393437976,104,3,fre,1,1
0.33611481490709005,105,3,fre,1,1
0.397372370106435,106,3,fre,1,1
0.20590431889688038,107,3,fre,1,1
0.07203489855602893,108,3,fre,1,1
0.38318826641647263,109,3,fre,1,1
0.34164761497810353,110,3,fre,1,1
0.2599956894284759,111,3,fre,1,1
0.31075798449291175,112,3,fre,1,1
0.4952349195785382,113,3,fre,1,1
0.42354185936581457,114,3,fre,1,1
0.455528004818388,115,3,fre,1,1
0.2896875024177928,116,3,fre,1,1
0.23472505490780973,117,3,fre,1,1
0.1983470357567196,118,3,fre,1,1
0.3357103577798183,119,3,fre,1,1
0.3020508125185095,120,3,fre,1,1
0.39476372695017725,121,3,fre,1,1
0.31128092182478084,122,3,fre,1,1
0.30040346215986696,123,3,fre,1,1
0.46614421406429307,124,3,fre,1,1
0.37376081055517124,125,3,fre,1,1
0.26627960687921876,126,3,fre,1,1
0.2320298952399419,127,3,fre,1,1
0.43733146952081203,128,3,fre,1,1
0.4247991257895049,129,3,fre,1,1
0.46406146753233496,130,3,fre,1,1
0.35448140035584885,131,3,fre,1,1
0.4247402333130423,132,3,fre,1,1
0.14687666447398565,133,3,fre,1,1
0.39374899767691873,134,3,fre,1,1
0.32422051314547135,135,3,fre,1,1
0.18181974498753506,136,3,fre,1,1
0.37138652678146067,137,3,fre,1,1
0.4321032382390621,138,3,fre,1,1
0.3937473077339039,139,3,fre,1,1
0.3219297120856399,140,3,fre,1,1
0.2569512325719365,141,3,fre,1,1
0.16157382916122898,142,3,fre,1,1
0.35810898182001355,143,3,fre,1,1
0.2639763583531836,144,3,fre,1,1
0.39705567831865823,145,3,fre,1,1
0.3239296198651132,146,3,fre,1,1
0.413937295892986,147,3,fre,1,1
0.7138942441551765,148,3,fre,1,1
0.4959824315497864,149,3,fre,1,1
0.3716856742984571,150,3,fre,1,1
0.27335150044973444,151,3,fre,1,1
0.2890787227655291,152,3,fre,1,1
0.6111180791985077,153,3,fre,1,1
0.2697040540720498,154,3,fre,1,1
0.3219502866982227,155,3,fre,1,1
0.5065932734341084,156,3,fre,1,1
0.3644108935980508,157,3,fre,1,1
0.21155420867805494,158,3,fre,1,1
NA,1,4,eng,1,1
NA,2,4,eng,1,1
0.12110155103598963,3,4,eng,1,1
0.25639874934594953,4,4,eng,1,1
0.16881286470541634,5,4,eng,1,1
0.16954079789865564,6,4,eng,1,1
0.34881503294465754,7,4,eng,1,1
0.33547080947609903,8,4,eng,1,1
0.2481163363669791,9,4,eng,1,1
0.32726143808141367,10,4,eng,1,1
0.197391923852415,11,4,eng,1,1
0.14560675942621815,12,4,eng,1,1
0.3038932549671708,13,4,eng,1,1
0.2783243890992604,14,4,eng,1,1
0.20045559952292843,15,4,eng,1,1
-0.023087788622659793,16,4,eng,1,1
0.07425201985818407,17,4,eng,1,1
0.17335748023055766,18,4,eng,1,1
0.15110052394707316,19,4,eng,1,1
0.13185508411275926,20,4,eng,1,1
0.21550248848478745,21,4,eng,1,1
0.27230063137445154,22,4,eng,1,1
0.32366978779601113,23,4,eng,1,1
0.2198096962024218,24,4,eng,1,1
0.5249981287813089,25,4,eng,1,1
0.49548984438189514,26,4,eng,1,1
0.46141758984803566,27,4,eng,1,1
0.09216200710908762,28,4,eng,1,1
0.16588338105360545,29,4,eng,1,1
0.16449111958385598,30,4,eng,1,1
0.8037286816370661,31,4,eng,1,1
0.3739015541540788,32,4,eng,1,1
0.21965676990213923,33,4,eng,1,1
0.35646319812190846,34,4,eng,1,1
0.31891320868319806,35,4,eng,1,1
0.32025307213420623,36,4,eng,1,1
0.1670657467182172,37,4,eng,1,1
0.2713791437267022,38,4,eng,1,1
0.36424413994476,39,4,eng,1,1
0.19328941430592908,40,4,eng,1,1
0.017779518688763513,41,4,eng,1,1
0.4424737024839499,42,4,eng,1,1
0.2869953096696679,43,4,eng,1,1
0.1869111257478113,44,4,eng,1,1
0.13042082058867221,45,4,eng,1,1
0.36172887742906956,46,4,eng,1,1
0.30654277892824755,47,4,eng,1,1
0.0629393486184333,48,4,eng,1,1
0.07127480789469946,49,4,eng,1,1
0.23301121867983127,50,4,eng,1,1
0.01094182809293275,51,4,eng,1,1
0.30834523003377623,52,4,eng,1,1
0.24905565256348264,53,4,eng,1,1
0.4737941135108093,54,4,eng,1,1
0.44852529870031865,55,4,eng,1,1
0.41754056608711415,56,4,eng,1,1
0.21840671042288443,57,4,eng,1,1
0.2078077610956148,58,4,eng,1,1
0.371182071373498,59,4,eng,1,1
0.13359018682390617,60,4,eng,1,1
0.03350481813976581,61,4,eng,1,1
0.489553663091813,62,4,eng,1,1
0.33328484476383013,63,4,eng,1,1
0.24540408327400914,64,4,eng,1,1
0.12584149278567308,65,4,eng,1,1
0.12664573485897956,66,4,eng,1,1
0.4906307054291392,67,4,eng,1,1
0.20849713411316,68,4,eng,1,1
0.12696898971406842,69,4,eng,1,1
0.41256197371587516,70,4,eng,1,1
0.16221060860100875,71,4,eng,1,1
-0.041217042280985376,72,4,eng,1,1
0.07481031944669388,73,4,eng,1,1
0.3488605120170489,74,4,eng,1,1
0.5003020550040091,75,4,eng,1,1
0.17662397112512288,76,4,eng,1,1
0.25523790515091666,77,4,eng,1,1
0.06491038834190338,78,4,eng,1,1
0.13924990316195823,79,4,eng,1,1
0.33037936762711373,80,4,eng,1,1
0.2688309136582395,81,4,eng,1,1
0.3832619433516072,82,4,eng,1,1
0.2724692808535448,83,4,eng,1,1
0.21652942952065696,84,4,eng,1,1
0.15072093846272802,85,4,eng,1,1
0.14475407565170484,86,4,eng,1,1
0.2075236800761753,87,4,eng,1,1
0.1963542672924593,88,4,eng,1,1
0.2796132358606279,89,4,eng,1,1
0.26955676198150996,90,4,eng,1,1
0.14212732981278503,91,4,eng,1,1
0.0694925902783379,92,4,eng,1,1
0.16539575306313625,93,4,eng,1,1
0.18231415514018548,94,4,eng,1,1
0.21532705172668987,95,4,eng,1,1
0.44027720018131644,96,4,eng,1,1
0.39628398732013287,97,4,eng,1,1
0.2733501884497378,98,4,eng,1,1
-0.11542901638555801,99,4,eng,1,1
0.5154264692479484,100,4,eng,1,1
0.5154264692479484,101,4,eng,1,1
0.3263378441114607,102,4,eng,1,1
0.15040705543392466,103,4,eng,1,1
0.37468084254946915,104,4,eng,1,1
0.23701626727462782,105,4,eng,1,1
0.3813553032873883,106,4,eng,1,1
0.18119534231526385,107,4,eng,1,1
0.10065635450305616,108,4,eng,1,1
0.29342658691716117,109,4,eng,1,1
0.2625863488431457,110,4,eng,1,1
0.3521018562949857,111,4,eng,1,1
0.26299150855365677,112,4,eng,1,1
0.32643971097886987,113,4,eng,1,1
0.03411774510640883,114,4,eng,1,1
0.07250169741692372,115,4,eng,1,1
0.19654466922984098,116,4,eng,1,1
0.2243379199396666,117,4,eng,1,1
0.16510794564517153,118,4,eng,1,1
0.22593086236828663,119,4,eng,1,1
0.2464154514904072,120,4,eng,1,1
0.09798011964924823,121,4,eng,1,1
0.17077475656001717,122,4,eng,1,1
0.03753229084547236,123,4,eng,1,1
0.22917207372075962,124,4,eng,1,1
0.18783033163552668,125,4,eng,1,1
0.05083185295661151,126,4,eng,1,1
0.059046047361009185,127,4,eng,1,1
0.23303114923493853,128,4,eng,1,1
0.3618821024081234,129,4,eng,1,1
0.2770372416251735,130,4,eng,1,1
0.1334858597818269,131,4,eng,1,1
0.13638014576738502,132,4,eng,1,1
0.05014909062173205,133,4,eng,1,1
0.09812027817406913,134,4,eng,1,1
0.10008336804527301,135,4,eng,1,1
0.18680378247491142,136,4,eng,1,1
0.09107620077898385,137,4,eng,1,1
0.26116403526778975,138,4,eng,1,1
0.018438402941973308,139,4,eng,1,1
0.2763081984733781,140,4,eng,1,1
0.19107399185222967,141,4,eng,1,1
0.31630093939429127,142,4,eng,1,1
0.28842960966414793,143,4,eng,1,1
0.2413160047813962,144,4,eng,1,1
0.27359100459854857,145,4,eng,1,1
0.09539615797237858,146,4,eng,1,1
0.44700612470309004,147,4,eng,1,1
0.007508787083946962,148,4,eng,1,1
0.10458199567819579,149,4,eng,1,1
0.2142411567089841,150,4,eng,1,1
0.23042182174969705,151,4,eng,1,1
0.1232962402615536,152,4,eng,1,1
0.26854616997475633,153,4,eng,1,1
0.30234670147265563,154,4,eng,1,1
0.2698256042768476,155,4,eng,1,1
0.1584088212357863,156,4,eng,1,1
0.050698702813180625,157,4,eng,1,1
0.04571555263310302,158,4,eng,1,1
0.3666613955059726,159,4,eng,1,1
0.32714974554568893,160,4,eng,1,1
0.33207081690204243,161,4,eng,1,1
0.20132593310730004,162,4,eng,1,1
0.3225913326383081,163,4,eng,1,1
0.6695045360839189,164,4,eng,1,1
0.29831921586161814,165,4,eng,1,1
0.08149026068081484,166,4,eng,1,1
0.23838468209729452,167,4,eng,1,1
0.23387610411242482,168,4,eng,1,1
0.15010147635912227,169,4,eng,1,1
0.19164361539849548,170,4,eng,1,1
0.36755668486384463,171,4,eng,1,1
0.28790061561048613,172,4,eng,1,1
NA,1,1,eng,1,2
NA,2,1,eng,1,2
NA,3,1,eng,1,2
0.3567817913419452,4,1,eng,1,2
0.26795166538221704,5,1,eng,1,2
0.19116203541528068,6,1,eng,1,2
0.2624648680383834,7,1,eng,1,2
0.3515035660400183,8,1,eng,1,2
0.47506108113882445,9,1,eng,1,2
0.43446544284347327,10,1,eng,1,2
0.5232782328287691,11,1,eng,1,2
0.3079532331089239,12,1,eng,1,2
0.34956277783985357,13,1,eng,1,2
0.19094519123234932,14,1,eng,1,2
0.45949817222694045,15,1,eng,1,2
0.17634130435116765,16,1,eng,1,2
0.22560586804692057,17,1,eng,1,2
0.3651063619601922,18,1,eng,1,2
0.2701736538634893,19,1,eng,1,2
0.26750784688988877,20,1,eng,1,2
0.316472220225245,21,1,eng,1,2
0.41323788126507993,22,1,eng,1,2
0.3187984672232848,23,1,eng,1,2
0.4852068725591237,24,1,eng,1,2
0.46281380712482934,25,1,eng,1,2
0.07829083390516056,26,1,eng,1,2
0.1677652874725891,27,1,eng,1,2
0.30215536300320184,28,1,eng,1,2
0.25694355421499926,29,1,eng,1,2
0.41673324122591354,30,1,eng,1,2
0.233914654885441,31,1,eng,1,2
0.37369211767182664,32,1,eng,1,2
0.23090621848673126,33,1,eng,1,2
0.2715520581672744,34,1,eng,1,2
0.5717025113355086,35,1,eng,1,2
0.2584632808146732,36,1,eng,1,2
0.2955052240663648,37,1,eng,1,2
0.24303170642384203,38,1,eng,1,2
0.31220596615161217,39,1,eng,1,2
0.382641208493613,40,1,eng,1,2
0.11634988999994851,41,1,eng,1,2
0.2478162189335734,42,1,eng,1,2
0.3245037949892787,43,1,eng,1,2
0.17941514093952654,44,1,eng,1,2
0.265713579640198,45,1,eng,1,2
0.32493726214367236,46,1,eng,1,2
0.4753066895873592,47,1,eng,1,2
0.4978602791012539,48,1,eng,1,2
0.22226435530683405,49,1,eng,1,2
0.15902788282330438,50,1,eng,1,2
0.3143554589083557,51,1,eng,1,2
0.3615795631579926,52,1,eng,1,2
0.3058299412592889,53,1,eng,1,2
0.06024049268257555,54,1,eng,1,2
0.3241413297662237,55,1,eng,1,2
0.29356827856639295,56,1,eng,1,2
0.2219065350783491,57,1,eng,1,2
0.26285238548654327,58,1,eng,1,2
0.42149504423785494,59,1,eng,1,2
0.25032451517519305,60,1,eng,1,2
0.22851177336586495,61,1,eng,1,2
0.22801538762018966,62,1,eng,1,2
0.4038324690593407,63,1,eng,1,2
0.25916418420342546,64,1,eng,1,2
0.31630343924001736,65,1,eng,1,2
0.20979840551464296,66,1,eng,1,2
0.435374431451621,67,1,eng,1,2
0.315921740412482,68,1,eng,1,2
0.48773899023387685,69,1,eng,1,2
0.39384066401756856,70,1,eng,1,2
0.5049169764776579,71,1,eng,1,2
0.408087652558236,72,1,eng,1,2
0.3862409687159775,73,1,eng,1,2
0.36281659403433747,74,1,eng,1,2
0.2195885544403363,75,1,eng,1,2
0.11840363617867246,76,1,eng,1,2
0.4210391763739063,77,1,eng,1,2
0.2756454376391601,78,1,eng,1,2
0.39588593429109914,79,1,eng,1,2
0.19039347009626242,80,1,eng,1,2
0.16821989426514083,81,1,eng,1,2
0.20364447251519294,82,1,eng,1,2
0.3691955229632028,83,1,eng,1,2
0.15888924738302113,84,1,eng,1,2
0.577207631205291,85,1,eng,1,2
0.1600765416804613,86,1,eng,1,2
0.2753757450798472,87,1,eng,1,2
0.13780175477216872,88,1,eng,1,2
0.41194215680218776,89,1,eng,1,2
0.342729812142484,90,1,eng,1,2
0.3163303847693397,91,1,eng,1,2
0.2940097308794369,92,1,eng,1,2
0.31259390539609344,93,1,eng,1,2
0.42298281935100096,94,1,eng,1,2
0.33848532815152843,95,1,eng,1,2
0.2784732389213155,96,1,eng,1,2
0.35840529043194236,97,1,eng,1,2
0.361780428495259,98,1,eng,1,2
0.30139457487642396,99,1,eng,1,2
0.17183211622105674,100,1,eng,1,2
0.2510138177551692,101,1,eng,1,2
0.2885923680679304,102,1,eng,1,2
0.2909430122562094,103,1,eng,1,2
0.40804262351588094,104,1,eng,1,2
0.2528232455326211,105,1,eng,1,2
0.20946742191641374,106,1,eng,1,2
0.16514682189131155,107,1,eng,1,2
0.09389912218146768,108,1,eng,1,2
0.3056173747234513,109,1,eng,1,2
0.27669110714609474,110,1,eng,1,2
0.26195937144290976,111,1,eng,1,2
0.4513653311613592,112,1,eng,1,2
0.02343473680660607,113,1,eng,1,2
0.24654447248662514,114,1,eng,1,2
0.27471217209379156,115,1,eng,1,2
0.3305165764692497,116,1,eng,1,2
0.1886062800797662,117,1,eng,1,2
0.2988024350536384,118,1,eng,1,2
0.4206639850064363,119,1,eng,1,2
0.40506493574650826,120,1,eng,1,2
0.04425642246364144,121,1,eng,1,2
0.1571414713268759,122,1,eng,1,2
0.19849175383831846,123,1,eng,1,2
0.1453022676032538,124,1,eng,1,2
-0.01053798776874229,125,1,eng,1,2
0.2501004865823266,126,1,eng,1,2
0.091549662185622,127,1,eng,1,2
0.42811166384098814,128,1,eng,1,2
0.12600905694620704,129,1,eng,1,2
0.04666649606714289,130,1,eng,1,2
0.27630832891685336,131,1,eng,1,2
0.21149014584323844,132,1,eng,1,2
0.29893141650947386,133,1,eng,1,2
0.35744468640164667,134,1,eng,1,2
0.22618802845554128,135,1,eng,1,2
0.29625130630027113,136,1,eng,1,2
0.16084265157486644,137,1,eng,1,2
0.3324151929459346,138,1,eng,1,2
0.19696473068230427,139,1,eng,1,2
0.38617279718222464,140,1,eng,1,2
0.3967856120097873,141,1,eng,1,2
0.06492864710691623,142,1,eng,1,2
0.49944713000608615,143,1,eng,1,2
0.1503823861532995,144,1,eng,1,2
0.17424557339428276,145,1,eng,1,2
0.2503942430853105,146,1,eng,1,2
0.37006374760823046,147,1,eng,1,2
0.3873512492082087,148,1,eng,1,2
0.5413431823561712,149,1,eng,1,2
0.1302493035857289,150,1,eng,1,2
0.2187322570604256,151,1,eng,1,2
0.048101782449704415,152,1,eng,1,2
0.5612331329734328,153,1,eng,1,2
0.21190225354677264,154,1,eng,1,2
0.27047445037800705,155,1,eng,1,2
0.27850017193971716,156,1,eng,1,2
0.16375401453013932,157,1,eng,1,2
NA,1,2,rus,1,2
NA,2,2,rus,1,2
NA,3,2,rus,1,2
0.7217180887210646,4,2,rus,1,2
0.43134756521231804,5,2,rus,1,2
0.5400033782639566,6,2,rus,1,2
0.5214875664011307,7,2,rus,1,2
0.4524030118969749,8,2,rus,1,2
0.6028853522729622,9,2,rus,1,2
0.5395827977601828,10,2,rus,1,2
0.6443562821091139,11,2,rus,1,2
0.5939708220252126,12,2,rus,1,2
0.5991792699189133,13,2,rus,1,2
0.4111349421813969,14,2,rus,1,2
0.5243094417531335,15,2,rus,1,2
0.5291681384298412,16,2,rus,1,2
0.46373398682600075,17,2,rus,1,2
0.5020816589373525,18,2,rus,1,2
0.4525764472596508,19,2,rus,1,2
0.4402758950411374,20,2,rus,1,2
0.4872921447781978,21,2,rus,1,2
0.26032483311576116,22,2,rus,1,2
0.4165803548780659,23,2,rus,1,2
0.489062703346068,24,2,rus,1,2
0.5527887164942583,25,2,rus,1,2
0.6307210916818479,26,2,rus,1,2
0.6691271187558642,27,2,rus,1,2
0.4380274041306731,28,2,rus,1,2
0.4625037941201755,29,2,rus,1,2
0.5789667488228866,30,2,rus,1,2
0.46544340724596794,31,2,rus,1,2
0.5375450984401376,32,2,rus,1,2
0.4510475880672782,33,2,rus,1,2
0.3969111569879184,34,2,rus,1,2
0.6432687053946341,35,2,rus,1,2
0.4157616749542257,36,2,rus,1,2
0.2417450036030021,37,2,rus,1,2
0.4550408873548609,38,2,rus,1,2
0.39165517292960184,39,2,rus,1,2
0.43057676641925524,40,2,rus,1,2
0.6492015143417809,41,2,rus,1,2
0.4676739858487036,42,2,rus,1,2
0.5588383833502607,43,2,rus,1,2
0.3604332593675834,44,2,rus,1,2
0.5082134851449024,45,2,rus,1,2
0.5254074064601949,46,2,rus,1,2
0.47253112709228995,47,2,rus,1,2
0.4952200411402259,48,2,rus,1,2
0.30744203689261695,49,2,rus,1,2
0.43189298733567827,50,2,rus,1,2
0.5389598887155005,51,2,rus,1,2
0.44333741850720926,52,2,rus,1,2
0.5911283077583099,53,2,rus,1,2
0.4511396411292271,54,2,rus,1,2
0.38978989300587136,55,2,rus,1,2
0.5943203639667458,56,2,rus,1,2
0.4414304827860861,57,2,rus,1,2
0.35378609355923624,58,2,rus,1,2
0.39518904685239886,59,2,rus,1,2
0.36932082239673863,60,2,rus,1,2
0.5922207134433612,61,2,rus,1,2
0.4892637259086584,62,2,rus,1,2
0.49156739050923354,63,2,rus,1,2
0.5050273783677208,64,2,rus,1,2
0.5860020348919032,65,2,rus,1,2
0.5333277398844554,66,2,rus,1,2
0.6206800151651156,67,2,rus,1,2
0.6051524273115241,68,2,rus,1,2
0.34554053079284436,69,2,rus,1,2
0.5600134374371345,70,2,rus,1,2
0.5764129229537999,71,2,rus,1,2
0.44318929793986644,72,2,rus,1,2
0.47341612341128575,73,2,rus,1,2
0.33004835028782054,74,2,rus,1,2
0.4135624922865048,75,2,rus,1,2
0.6210336428899804,76,2,rus,1,2
0.5989602376944511,77,2,rus,1,2
0.5253855687684792,78,2,rus,1,2
0.5194346236625763,79,2,rus,1,2
0.5983165997864338,80,2,rus,1,2
0.5411718962973807,81,2,rus,1,2
0.37199361682201487,82,2,rus,1,2
0.4521075688083509,83,2,rus,1,2
0.35771924222749296,84,2,rus,1,2
0.529743066272733,85,2,rus,1,2
0.17763447587483105,86,2,rus,1,2
0.43503033202996366,87,2,rus,1,2
0.5846607239487621,88,2,rus,1,2
0.5010679057893482,89,2,rus,1,2
0.4826754172614668,90,2,rus,1,2
0.5237217464428162,91,2,rus,1,2
0.49040650959992194,92,2,rus,1,2
0.5195166274583367,93,2,rus,1,2
0.3986300597900002,94,2,rus,1,2
0.4730775557983811,95,2,rus,1,2
0.44043827607192626,96,2,rus,1,2
0.4984480446633198,97,2,rus,1,2
0.5590175991652566,98,2,rus,1,2
0.6530112683769915,99,2,rus,1,2
0.4445332436806165,100,2,rus,1,2
0.5147569599989904,101,2,rus,1,2
0.35340505003801315,102,2,rus,1,2
0.4661965376787871,103,2,rus,1,2
0.4761990590730663,104,2,rus,1,2
0.4454088402118933,105,2,rus,1,2
0.5580324613602791,106,2,rus,1,2
0.636149710817802,107,2,rus,1,2
0.40203337261661387,108,2,rus,1,2
0.5738804464291439,109,2,rus,1,2
0.49212828442134526,110,2,rus,1,2
0.5415091757126509,111,2,rus,1,2
0.33519696028942153,112,2,rus,1,2
0.33390848050350846,113,2,rus,1,2
0.31010010214743544,114,2,rus,1,2
0.5594481121879133,115,2,rus,1,2
0.39997033525498793,116,2,rus,1,2
0.6031673644449473,117,2,rus,1,2
0.4132591623585457,118,2,rus,1,2
0.31075118496923837,119,2,rus,1,2
0.41364351094507695,120,2,rus,1,2
0.5167937326641574,121,2,rus,1,2
0.5687574793481079,122,2,rus,1,2
0.5913791141790984,123,2,rus,1,2
0.5845789045332299,124,2,rus,1,2
0.465571064143358,125,2,rus,1,2
0.45756010222271315,126,2,rus,1,2
0.5459373851111352,127,2,rus,1,2
0.5559038041703134,128,2,rus,1,2
0.6326420300442074,129,2,rus,1,2
0.5220980863254528,130,2,rus,1,2
0.3801540357313919,131,2,rus,1,2
0.6211466146782865,132,2,rus,1,2
0.41462228078433344,133,2,rus,1,2
0.48249611576288937,134,2,rus,1,2
0.520047811467504,135,2,rus,1,2
0.6204622110350787,136,2,rus,1,2
0.45144456520661863,137,2,rus,1,2
0.5377873781358408,138,2,rus,1,2
0.39569353767667365,139,2,rus,1,2
0.6478095948499836,140,2,rus,1,2
0.2403186957146933,141,2,rus,1,2
0.4774295728141535,142,2,rus,1,2
0.4160526750441162,143,2,rus,1,2
0.3381319673352074,144,2,rus,1,2
NA,1,3,fre,1,2
NA,2,3,fre,1,2
NA,3,3,fre,1,2
0.342130495513683,4,3,fre,1,2
0.4080501472317934,5,3,fre,1,2
0.41397308115744136,6,3,fre,1,2
0.5335759095909844,7,3,fre,1,2
0.4379497374007236,8,3,fre,1,2
0.45044984852231995,9,3,fre,1,2
0.4789694768469162,10,3,fre,1,2
0.46268924202370165,11,3,fre,1,2
0.5141888657894844,12,3,fre,1,2
0.3642255944072508,13,3,fre,1,2
0.4552348530698847,14,3,fre,1,2
0.34516361697705655,15,3,fre,1,2
0.45081155251155586,16,3,fre,1,2
0.3260873798067745,17,3,fre,1,2
0.24075707513121924,18,3,fre,1,2
0.24993318731479103,19,3,fre,1,2
0.3973181496002245,20,3,fre,1,2
0.4931989455806834,21,3,fre,1,2
0.2882758801286693,22,3,fre,1,2
0.5217392341416951,23,3,fre,1,2
0.251524348608029,24,3,fre,1,2
0.3804606539803158,25,3,fre,1,2
0.3887001440412034,26,3,fre,1,2
0.21189531694134447,27,3,fre,1,2
0.39121996442729895,28,3,fre,1,2
0.506799579278606,29,3,fre,1,2
0.4041608607803569,30,3,fre,1,2
0.3736426334728904,31,3,fre,1,2
0.2756949232944458,32,3,fre,1,2
0.5337692712020793,33,3,fre,1,2
0.3165169182285372,34,3,fre,1,2
0.2875651729231197,35,3,fre,1,2
0.4446693241479487,36,3,fre,1,2
0.4931274144332184,37,3,fre,1,2
0.5426426109345608,38,3,fre,1,2
0.3345366116536547,39,3,fre,1,2
0.4914546495503479,40,3,fre,1,2
0.2513243412989742,41,3,fre,1,2
0.3474746625659082,42,3,fre,1,2
0.26638442060434303,43,3,fre,1,2
0.15480131670736552,44,3,fre,1,2
0.36875601262751306,45,3,fre,1,2
0.46097634407889204,46,3,fre,1,2
0.4978416826194429,47,3,fre,1,2
0.2580449927031578,48,3,fre,1,2
0.5093591350776807,49,3,fre,1,2
0.44744098794681547,50,3,fre,1,2
0.337966892860126,51,3,fre,1,2
0.4896771356905303,52,3,fre,1,2
0.39953427367489336,53,3,fre,1,2
0.26812093898244377,54,3,fre,1,2
0.6109093126724247,55,3,fre,1,2
0.38700723987215296,56,3,fre,1,2
0.43137743304193527,57,3,fre,1,2
0.4414409459707735,58,3,fre,1,2
0.3300780783006433,59,3,fre,1,2
0.29269891608899107,60,3,fre,1,2
0.498705213125583,61,3,fre,1,2
0.3588161696307412,62,3,fre,1,2
0.4051230099252148,63,3,fre,1,2
0.44788430609196916,64,3,fre,1,2
0.3126132155152233,65,3,fre,1,2
0.4803224346410412,66,3,fre,1,2
0.4619465983263302,67,3,fre,1,2
0.5261663670835215,68,3,fre,1,2
0.36754637243496296,69,3,fre,1,2
0.5391747368758742,70,3,fre,1,2
0.193263358682652,71,3,fre,1,2
0.29147283732359924,72,3,fre,1,2
0.4124593358614321,73,3,fre,1,2
0.43602834879524305,74,3,fre,1,2
0.48551359021568835,75,3,fre,1,2
0.4824757190462184,76,3,fre,1,2
0.33641031707374214,77,3,fre,1,2
0.41800606239437965,78,3,fre,1,2
0.4956386729133625,79,3,fre,1,2
0.45954792789695215,80,3,fre,1,2
0.38831116600002985,81,3,fre,1,2
0.558448150880219,82,3,fre,1,2
0.40144015810808514,83,3,fre,1,2
0.5635808442820562,84,3,fre,1,2
0.3983923308872364,85,3,fre,1,2
0.38331317267062415,86,3,fre,1,2
0.3287534540125995,87,3,fre,1,2
0.20432627093158598,88,3,fre,1,2
0.3846409567742737,89,3,fre,1,2
0.36546852777528815,90,3,fre,1,2
0.1549731121805077,91,3,fre,1,2
0.40952417612947495,92,3,fre,1,2
0.8508124874379551,93,3,fre,1,2
0.7694680475182863,94,3,fre,1,2
0.1376373394648258,95,3,fre,1,2
0.5322749591363957,96,3,fre,1,2
0.4241590689761892,97,3,fre,1,2
0.3523536455020539,98,3,fre,1,2
0.5942334289028788,99,3,fre,1,2
0.41186915482809705,100,3,fre,1,2
0.43376354042129545,101,3,fre,1,2
0.3590032783596991,102,3,fre,1,2
0.3565144029771167,103,3,fre,1,2
0.34701429952492746,104,3,fre,1,2
0.35430811473634705,105,3,fre,1,2
0.4896490600864242,106,3,fre,1,2
0.21163218853406868,107,3,fre,1,2
0.23648939613155787,108,3,fre,1,2
0.3500688782114136,109,3,fre,1,2
0.42110421483962934,110,3,fre,1,2
0.2830224205089064,111,3,fre,1,2
0.4073906099767464,112,3,fre,1,2
0.5261959155940378,113,3,fre,1,2
0.41938373068250084,114,3,fre,1,2
0.526275481070644,115,3,fre,1,2
0.31814895451785896,116,3,fre,1,2
0.28663162601241143,117,3,fre,1,2
0.29626820676938337,118,3,fre,1,2
0.36450237157363274,119,3,fre,1,2
0.3652908022123526,120,3,fre,1,2
0.4285816168489248,121,3,fre,1,2
0.33932592213636203,122,3,fre,1,2
0.38214854137617776,123,3,fre,1,2
0.4942600018010529,124,3,fre,1,2
0.33461406330478016,125,3,fre,1,2
0.31208585364736763,126,3,fre,1,2
0.2887919447015166,127,3,fre,1,2
0.5014715272463809,128,3,fre,1,2
0.4364262560073803,129,3,fre,1,2
0.4476698906623629,130,3,fre,1,2
0.4195568595191078,131,3,fre,1,2
0.38877549973717446,132,3,fre,1,2
0.20378350951499632,133,3,fre,1,2
0.42727581288751393,134,3,fre,1,2
0.30895011630893926,135,3,fre,1,2
0.3057347359696751,136,3,fre,1,2
0.38596038613159317,137,3,fre,1,2
0.4231575722550151,138,3,fre,1,2
0.4690931541263681,139,3,fre,1,2
0.42697410796600155,140,3,fre,1,2
0.2664692208192204,141,3,fre,1,2
0.3156227182850339,142,3,fre,1,2
0.44238122790513273,143,3,fre,1,2
0.27133654574028854,144,3,fre,1,2
0.5313133409898033,145,3,fre,1,2
0.3027552154897238,146,3,fre,1,2
0.4123090113296051,147,3,fre,1,2
0.6595638042220489,148,3,fre,1,2
0.5446955120158328,149,3,fre,1,2
0.4252572696554385,150,3,fre,1,2
0.373094759579817,151,3,fre,1,2
0.40778853582824803,152,3,fre,1,2
0.5845344525603143,153,3,fre,1,2
0.3315170171538668,154,3,fre,1,2
0.4920374767496008,155,3,fre,1,2
0.42792258955249507,156,3,fre,1,2
0.310989893359661,157,3,fre,1,2
0.29919471126548275,158,3,fre,1,2
NA,1,4,eng,1,2
NA,2,4,eng,1,2
NA,3,4,eng,1,2
0.29595641552467755,4,4,eng,1,2
0.1950816033283645,5,4,eng,1,2
0.2511931979542404,6,4,eng,1,2
0.31732719731338793,7,4,eng,1,2
0.31980536433021023,8,4,eng,1,2
0.34518130063675023,9,4,eng,1,2
0.3038187279369024,10,4,eng,1,2
0.39181645206895305,11,4,eng,1,2
0.2891724516466618,12,4,eng,1,2
0.2920941737350416,13,4,eng,1,2
0.27501316296234046,14,4,eng,1,2
0.3078714542089511,15,4,eng,1,2
0.01893612317452727,16,4,eng,1,2
0.29578074014683275,17,4,eng,1,2
0.18881940544078665,18,4,eng,1,2
0.3470339991573294,19,4,eng,1,2
0.21971621154887155,20,4,eng,1,2
0.2936509703628147,21,4,eng,1,2
0.24663795457931606,22,4,eng,1,2
0.4262048047099086,23,4,eng,1,2
0.18139015875116873,24,4,eng,1,2
0.488693542724751,25,4,eng,1,2
0.3934400332184106,26,4,eng,1,2
0.49076134997352305,27,4,eng,1,2
0.14156385117407727,28,4,eng,1,2
0.11861615383458202,29,4,eng,1,2
0.14153703003027546,30,4,eng,1,2
0.6094818100207109,31,4,eng,1,2
0.34180300826035565,32,4,eng,1,2
0.1609383460047562,33,4,eng,1,2
0.37075464341979836,34,4,eng,1,2
0.25842890113647504,35,4,eng,1,2
0.28536828510510176,36,4,eng,1,2
0.230497994492596,37,4,eng,1,2
0.24356929362218033,38,4,eng,1,2
0.486394670478336,39,4,eng,1,2
0.33615591640200254,40,4,eng,1,2
0.12329891458311187,41,4,eng,1,2
0.3388140687488703,42,4,eng,1,2
0.3169371392359906,43,4,eng,1,2
0.3905821351137663,44,4,eng,1,2
0.27562301300135567,45,4,eng,1,2
0.3490051505115036,46,4,eng,1,2
0.4435326408941068,47,4,eng,1,2
0.24807764246698633,48,4,eng,1,2
0.19420794529721389,49,4,eng,1,2
0.2361406565331093,50,4,eng,1,2
0.11894179127975013,51,4,eng,1,2
0.2728561851651391,52,4,eng,1,2
0.4166453467287645,53,4,eng,1,2
0.36645543558882504,54,4,eng,1,2
0.47300680592470057,55,4,eng,1,2
0.3764481475077625,56,4,eng,1,2
0.34899623871407615,57,4,eng,1,2
0.12438348784311255,58,4,eng,1,2
0.35427439663392524,59,4,eng,1,2
0.19466305141502463,60,4,eng,1,2
0.11966570207883293,61,4,eng,1,2
0.4611235242144328,62,4,eng,1,2
0.3483993828028557,63,4,eng,1,2
0.2421594418181601,64,4,eng,1,2
0.21253909846578922,65,4,eng,1,2
0.1632028268793019,66,4,eng,1,2
0.4254819638478899,67,4,eng,1,2
0.21719704982623536,68,4,eng,1,2
0.20215115211086734,69,4,eng,1,2
0.31769256510972277,70,4,eng,1,2
0.26288062191938694,71,4,eng,1,2
0.02718140541628312,72,4,eng,1,2
0.3091386649177218,73,4,eng,1,2
0.2753077681792683,74,4,eng,1,2
0.46506440464348175,75,4,eng,1,2
0.17936272058042738,76,4,eng,1,2
0.3826886970528414,77,4,eng,1,2
0.08493301608270656,78,4,eng,1,2
0.19142161959086987,79,4,eng,1,2
0.35193430806630716,80,4,eng,1,2
0.2882967761551244,81,4,eng,1,2
0.3239914164078863,82,4,eng,1,2
0.274563037510139,83,4,eng,1,2
0.25761510604062365,84,4,eng,1,2
0.19609549775786708,85,4,eng,1,2
0.3631703594189334,86,4,eng,1,2
0.3104438188949985,87,4,eng,1,2
0.17391878595811466,88,4,eng,1,2
0.48535391738676403,89,4,eng,1,2
0.3287714127316461,90,4,eng,1,2
0.23411811646225272,91,4,eng,1,2
0.3431720408282571,92,4,eng,1,2
0.26210209808918083,93,4,eng,1,2
0.19966161515123443,94,4,eng,1,2
0.3201463738824415,95,4,eng,1,2
0.3333507958176583,96,4,eng,1,2
0.40243405035756163,97,4,eng,1,2
0.24799014331673674,98,4,eng,1,2
-0.05380121693965054,99,4,eng,1,2
0.4503648097439816,100,4,eng,1,2
0.8704672411272001,101,4,eng,1,2
0.6016283970521239,102,4,eng,1,2
0.13045412120429542,103,4,eng,1,2
0.3020019574057196,104,4,eng,1,2
0.31034796969203815,105,4,eng,1,2
0.4510718268894218,106,4,eng,1,2
0.19588986129984826,107,4,eng,1,2
0.17732211424361902,108,4,eng,1,2
0.17972157362992952,109,4,eng,1,2
0.4323062855004205,110,4,eng,1,2
0.35101711149214815,111,4,eng,1,2
0.37156051842914806,112,4,eng,1,2
0.35735280062007563,113,4,eng,1,2
0.011985994952540394,114,4,eng,1,2
0.27817618090614454,115,4,eng,1,2
0.2088837286839927,116,4,eng,1,2
0.2270172599797624,117,4,eng,1,2
0.13506797723612712,118,4,eng,1,2
0.2533965298245948,119,4,eng,1,2
0.28371169822752407,120,4,eng,1,2
0.2296081583218537,121,4,eng,1,2
0.1422196941836405,122,4,eng,1,2
0.16696050413169888,123,4,eng,1,2
0.17251638211143397,124,4,eng,1,2
0.24252498613846327,125,4,eng,1,2
0.06803906533549456,126,4,eng,1,2
0.17509514360971837,127,4,eng,1,2
0.23219010757964134,128,4,eng,1,2
0.24696925887643345,129,4,eng,1,2
0.4231598973252565,130,4,eng,1,2
0.19042100928164918,131,4,eng,1,2
0.18181369305164552,132,4,eng,1,2
0.12052020796129201,133,4,eng,1,2
0.384964040172502,134,4,eng,1,2
0.27813178931546906,135,4,eng,1,2
0.16498516727965648,136,4,eng,1,2
0.12740350858545435,137,4,eng,1,2
0.3245716048321492,138,4,eng,1,2
0.07012107285399202,139,4,eng,1,2
0.3129468582298848,140,4,eng,1,2
0.1705890290064545,141,4,eng,1,2
0.33762797504282815,142,4,eng,1,2
0.22659163230022367,143,4,eng,1,2
0.19116419034517082,144,4,eng,1,2
0.4108408055045613,145,4,eng,1,2
0.11217514661203166,146,4,eng,1,2
0.3858135962430039,147,4,eng,1,2
0.026016623636385995,148,4,eng,1,2
0.08169037041244852,149,4,eng,1,2
0.13361534027779404,150,4,eng,1,2
0.22238566606470436,151,4,eng,1,2
0.20404108698907403,152,4,eng,1,2
0.23045912622715836,153,4,eng,1,2
0.32011496114115673,154,4,eng,1,2
0.3288363863421221,155,4,eng,1,2
0.2693299690957923,156,4,eng,1,2
0.07561993294812891,157,4,eng,1,2
0.22024605399885872,158,4,eng,1,2
0.38930588956693557,159,4,eng,1,2
0.31959671936102935,160,4,eng,1,2
0.5061046458629955,161,4,eng,1,2
0.15579486961206548,162,4,eng,1,2
0.34131159759794893,163,4,eng,1,2
0.5770998157478493,164,4,eng,1,2
0.3923752090563896,165,4,eng,1,2
0.133671236322411,166,4,eng,1,2
0.2606564031840043,167,4,eng,1,2
0.20927492694700614,168,4,eng,1,2
0.07798931890324541,169,4,eng,1,2
0.2732038300451474,170,4,eng,1,2
0.20302110164328893,171,4,eng,1,2
0.2796732255964067,172,4,eng,1,2
NA,1,1,eng,1,3
NA,2,1,eng,1,3
NA,3,1,eng,1,3
NA,4,1,eng,1,3
0.22230146557807123,5,1,eng,1,3
0.36492197620754585,6,1,eng,1,3
0.2988769135033427,7,1,eng,1,3
0.28142643652395377,8,1,eng,1,3
0.4018772361281255,9,1,eng,1,3
0.4867966411163012,10,1,eng,1,3
0.5358764481972351,11,1,eng,1,3
0.28613540805262827,12,1,eng,1,3
0.4291260892720447,13,1,eng,1,3
0.1684918572842589,14,1,eng,1,3
0.42465498326265333,15,1,eng,1,3
0.30217070150138714,16,1,eng,1,3
0.1926552251761724,17,1,eng,1,3
0.3935182043869761,18,1,eng,1,3
0.25545581608485285,19,1,eng,1,3
0.24778691969576716,20,1,eng,1,3
0.36555833456145087,21,1,eng,1,3
0.4326682720760136,22,1,eng,1,3
0.3054938118552362,23,1,eng,1,3
0.4338427228200188,24,1,eng,1,3
0.5151560516622513,25,1,eng,1,3
0.07079602379450722,26,1,eng,1,3
0.22695920613328702,27,1,eng,1,3
0.3093265016602803,28,1,eng,1,3
0.3087986707683729,29,1,eng,1,3
0.40638172946956497,30,1,eng,1,3
0.20744739373536303,31,1,eng,1,3
0.3185305907373333,32,1,eng,1,3
0.3377544045710196,33,1,eng,1,3
0.26571134216180325,34,1,eng,1,3
0.5036089659023681,35,1,eng,1,3
0.2679101855248287,36,1,eng,1,3
0.3227562020764484,37,1,eng,1,3
0.32708081776533937,38,1,eng,1,3
0.33180140084681203,39,1,eng,1,3
0.37008196864774806,40,1,eng,1,3
0.15791576177259042,41,1,eng,1,3
0.2923601159117264,42,1,eng,1,3
0.3008847843765341,43,1,eng,1,3
0.33253247745549164,44,1,eng,1,3
0.14627121425830517,45,1,eng,1,3
0.39577963098782737,46,1,eng,1,3
0.4655393718597413,47,1,eng,1,3
0.5361089413975887,48,1,eng,1,3
0.20735804057092402,49,1,eng,1,3
0.19901587353153016,50,1,eng,1,3
0.25803525226093327,51,1,eng,1,3
0.36609235293338616,52,1,eng,1,3
0.280786518340979,53,1,eng,1,3
0.15466292619217836,54,1,eng,1,3
0.27175317495284534,55,1,eng,1,3
0.304457575743563,56,1,eng,1,3
0.22766851768338778,57,1,eng,1,3
0.2374342433764243,58,1,eng,1,3
0.3765887976686755,59,1,eng,1,3
0.26606551661466205,60,1,eng,1,3
0.21757755195130143,61,1,eng,1,3
0.24670938029647363,62,1,eng,1,3
0.4154497260450448,63,1,eng,1,3
0.31606977305716283,64,1,eng,1,3
0.43197402693108594,65,1,eng,1,3
0.3072071658982159,66,1,eng,1,3
0.4068481116920544,67,1,eng,1,3
0.3271567591212244,68,1,eng,1,3
0.4474534406678136,69,1,eng,1,3
0.36152502142136517,70,1,eng,1,3
0.5014870147528475,71,1,eng,1,3
0.3840578009867927,72,1,eng,1,3
0.32332539347472555,73,1,eng,1,3
0.3980756557436065,74,1,eng,1,3
0.23426798935402593,75,1,eng,1,3
0.11661002431617212,76,1,eng,1,3
0.4721414163107027,77,1,eng,1,3
0.31481259615523105,78,1,eng,1,3
0.38477290916242124,79,1,eng,1,3
0.2658318213726735,80,1,eng,1,3
0.3090625308093775,81,1,eng,1,3
0.3141089366635893,82,1,eng,1,3
0.40312496605357273,83,1,eng,1,3
0.19403532409220714,84,1,eng,1,3
0.48880702071738463,85,1,eng,1,3
0.29288395517972726,86,1,eng,1,3
0.24709269480292775,87,1,eng,1,3
0.11942499248852506,88,1,eng,1,3
0.3893646768737813,89,1,eng,1,3
0.34461681958425205,90,1,eng,1,3
0.23681079551829992,91,1,eng,1,3
0.3508493697166834,92,1,eng,1,3
0.39934368306711604,93,1,eng,1,3
0.5007366863526701,94,1,eng,1,3
0.4180908856339705,95,1,eng,1,3
0.4180116730100511,96,1,eng,1,3
0.3189834930977624,97,1,eng,1,3
0.41721962260761875,98,1,eng,1,3
0.3909662243777569,99,1,eng,1,3
0.19163123937210125,100,1,eng,1,3
0.2971637199876869,101,1,eng,1,3
0.30957579478611275,102,1,eng,1,3
0.29347736027383264,103,1,eng,1,3
0.4158773954199548,104,1,eng,1,3
0.2870120714354318,105,1,eng,1,3
0.2431912510199422,106,1,eng,1,3
0.29084026255830847,107,1,eng,1,3
0.15088683246887533,108,1,eng,1,3
0.3281107829841207,109,1,eng,1,3
0.27879044055313257,110,1,eng,1,3
0.3548673140851141,111,1,eng,1,3
0.4454268910101216,112,1,eng,1,3
0.02962136606129257,113,1,eng,1,3
0.23122611159899048,114,1,eng,1,3
0.2547659625607914,115,1,eng,1,3
0.36998148641446615,116,1,eng,1,3
0.31225841658583875,117,1,eng,1,3
0.4353555069392759,118,1,eng,1,3
0.485031144688467,119,1,eng,1,3
0.4257893879422266,120,1,eng,1,3
0.05732176052845031,121,1,eng,1,3
0.3115995132921838,122,1,eng,1,3
0.20232705201041296,123,1,eng,1,3
0.11025002571745497,124,1,eng,1,3
2.442216586782426e-4,125,1,eng,1,3
0.31579080085015676,126,1,eng,1,3
0.10605858817424836,127,1,eng,1,3
0.3821985209463185,128,1,eng,1,3
0.2073740092473385,129,1,eng,1,3
0.059093785226811864,130,1,eng,1,3
0.2512152671263774,131,1,eng,1,3
0.2751638324215751,132,1,eng,1,3
0.3557774780185554,133,1,eng,1,3
0.35358380474681816,134,1,eng,1,3
0.26927455108238574,135,1,eng,1,3
0.3182456367560884,136,1,eng,1,3
0.21670451832864468,137,1,eng,1,3
0.27714475167155034,138,1,eng,1,3
0.23940338684954565,139,1,eng,1,3
0.331712864114423,140,1,eng,1,3
0.4780130903977626,141,1,eng,1,3
0.059148521376494484,142,1,eng,1,3
0.36815848508301174,143,1,eng,1,3
0.15404179914632843,144,1,eng,1,3
0.15870707146650512,145,1,eng,1,3
0.33276567911939653,146,1,eng,1,3
0.41702076201380145,147,1,eng,1,3
0.315485500306935,148,1,eng,1,3
0.5036947765937669,149,1,eng,1,3
0.1429012331586339,150,1,eng,1,3
0.18346665702364923,151,1,eng,1,3
0.09590523197691767,152,1,eng,1,3
0.5230072237848298,153,1,eng,1,3
0.2489787141159244,154,1,eng,1,3
0.2168235741032374,155,1,eng,1,3
0.3390684105803622,156,1,eng,1,3
0.22529399435280767,157,1,eng,1,3
NA,1,2,rus,1,3
NA,2,2,rus,1,3
NA,3,2,rus,1,3
NA,4,2,rus,1,3
0.4836613561706089,5,2,rus,1,3
0.5761888655429988,6,2,rus,1,3
0.540512513751225,7,2,rus,1,3
0.4505285441571517,8,2,rus,1,3
0.5608714037268233,9,2,rus,1,3
0.608271501548306,10,2,rus,1,3
0.6359466118214682,11,2,rus,1,3
0.5788472703147913,12,2,rus,1,3
0.649450089847046,13,2,rus,1,3
0.4064000233577611,14,2,rus,1,3
0.4928513950289433,15,2,rus,1,3
0.5296626105781637,16,2,rus,1,3
0.46121866245923027,17,2,rus,1,3
0.5470727267391023,18,2,rus,1,3
0.4512308522247586,19,2,rus,1,3
0.4791059771849597,20,2,rus,1,3
0.4779692378017948,21,2,rus,1,3
0.3351494159246546,22,2,rus,1,3
0.4221850826150922,23,2,rus,1,3
0.472510100756921,24,2,rus,1,3
0.5241998075696063,25,2,rus,1,3
0.6182919344757523,26,2,rus,1,3
0.6832507202639599,27,2,rus,1,3
0.4477846668829973,28,2,rus,1,3
0.4364843113416989,29,2,rus,1,3
0.6328042886680839,30,2,rus,1,3
0.4600272585716522,31,2,rus,1,3
0.498897932706644,32,2,rus,1,3
0.5369538461792297,33,2,rus,1,3
0.4222554847745301,34,2,rus,1,3
0.6146342272181099,35,2,rus,1,3
0.46012051412460747,36,2,rus,1,3
0.37279584149943,37,2,rus,1,3
0.5181628943771673,38,2,rus,1,3
0.46625600473822204,39,2,rus,1,3
0.41742013933670313,40,2,rus,1,3
0.6341554087223481,41,2,rus,1,3
0.4951387124305506,42,2,rus,1,3
0.5732753528273554,43,2,rus,1,3
0.3758028811677667,44,2,rus,1,3
0.5356375422748527,45,2,rus,1,3
0.512584541046445,46,2,rus,1,3
0.4446016028931607,47,2,rus,1,3
0.5469666954191225,48,2,rus,1,3
0.3397851657762634,49,2,rus,1,3
0.5883238387221352,50,2,rus,1,3
0.6084542131702644,51,2,rus,1,3
0.4449916891189931,52,2,rus,1,3
0.5436551575380356,53,2,rus,1,3
0.4973196424725303,54,2,rus,1,3
0.450099503861265,55,2,rus,1,3
0.6129693162695733,56,2,rus,1,3
0.5098799429442232,57,2,rus,1,3
0.3730142203656924,58,2,rus,1,3
0.40858621979150744,59,2,rus,1,3
0.4137107760681407,60,2,rus,1,3
0.5704261561541497,61,2,rus,1,3
0.4776666558258274,62,2,rus,1,3
0.5007704004771463,63,2,rus,1,3
0.5399388362035603,64,2,rus,1,3
0.5828638398944515,65,2,rus,1,3
0.5470372920993989,66,2,rus,1,3
0.5945270320451425,67,2,rus,1,3
0.5869552969207281,68,2,rus,1,3
0.3603060229341337,69,2,rus,1,3
0.6352574121361788,70,2,rus,1,3
0.5820864321368121,71,2,rus,1,3
0.36702000815033864,72,2,rus,1,3
0.5568470553228024,73,2,rus,1,3
0.3729425946977657,74,2,rus,1,3
0.40735339098344575,75,2,rus,1,3
0.5920837636790313,76,2,rus,1,3
0.5821281529187904,77,2,rus,1,3
0.5887296925426155,78,2,rus,1,3
0.5639395028939233,79,2,rus,1,3
0.5855269256619912,80,2,rus,1,3
0.5489356333029262,81,2,rus,1,3
0.39328181115231353,82,2,rus,1,3
0.5653386968499579,83,2,rus,1,3
0.42330950537721457,84,2,rus,1,3
0.5924343155270856,85,2,rus,1,3
0.2678967181796007,86,2,rus,1,3
0.4970106478816252,87,2,rus,1,3
0.6639976568590498,88,2,rus,1,3
0.4837589541624079,89,2,rus,1,3
0.505927598861145,90,2,rus,1,3
0.5478583734183503,91,2,rus,1,3
0.6078233584128556,92,2,rus,1,3
0.4984547487976381,93,2,rus,1,3
0.4459577513949907,94,2,rus,1,3
0.5141126869834126,95,2,rus,1,3
0.48572257563811394,96,2,rus,1,3
0.5391062446420675,97,2,rus,1,3
0.5563283175567086,98,2,rus,1,3
0.613774934888165,99,2,rus,1,3
0.468037570794117,100,2,rus,1,3
0.5392599698065331,101,2,rus,1,3
0.39817050447805685,102,2,rus,1,3
0.4780688945457331,103,2,rus,1,3
0.47659872406105497,104,2,rus,1,3
0.45026077388139985,105,2,rus,1,3
0.5846060121585775,106,2,rus,1,3
0.6959612781338604,107,2,rus,1,3
0.4878814313725403,108,2,rus,1,3
0.6025053971581864,109,2,rus,1,3
0.5648655410981651,110,2,rus,1,3
0.5429165294068915,111,2,rus,1,3
0.388850554442177,112,2,rus,1,3
0.42343724766538465,113,2,rus,1,3
0.3518363035747015,114,2,rus,1,3
0.5686741674931739,115,2,rus,1,3
0.44490566476917276,116,2,rus,1,3
0.5890325514142368,117,2,rus,1,3
0.4495226299885586,118,2,rus,1,3
0.3176111700324964,119,2,rus,1,3
0.48531948883950915,120,2,rus,1,3
0.57576583838586,121,2,rus,1,3
0.5564005201746087,122,2,rus,1,3
0.6031139719236133,123,2,rus,1,3
0.5768463423441968,124,2,rus,1,3
0.5519228418162145,125,2,rus,1,3
0.4470397943066734,126,2,rus,1,3
0.5205355225089547,127,2,rus,1,3
0.5911641053651022,128,2,rus,1,3
0.686995554851211,129,2,rus,1,3
0.5897797296234187,130,2,rus,1,3
0.37864936234722085,131,2,rus,1,3
0.5791716603950543,132,2,rus,1,3
0.43989321164983397,133,2,rus,1,3
0.47725989331396246,134,2,rus,1,3
0.5502273724181258,135,2,rus,1,3
0.6844675350892196,136,2,rus,1,3
0.4925885447793349,137,2,rus,1,3
0.54012434548922,138,2,rus,1,3
0.4119720449361927,139,2,rus,1,3
0.6257655517586183,140,2,rus,1,3
0.2877421897606643,141,2,rus,1,3
0.4756118656206729,142,2,rus,1,3
0.5273174222129267,143,2,rus,1,3
0.4289847608818556,144,2,rus,1,3
NA,1,3,fre,1,3
NA,2,3,fre,1,3
NA,3,3,fre,1,3
NA,4,3,fre,1,3
0.5169945496750937,5,3,fre,1,3
0.39578608868443316,6,3,fre,1,3
0.5257010234585039,7,3,fre,1,3
0.4768958161055437,8,3,fre,1,3
0.5123210590140296,9,3,fre,1,3
0.46679279245545435,10,3,fre,1,3
0.5051527742272854,11,3,fre,1,3
0.5464952660498347,12,3,fre,1,3
0.38872690519949066,13,3,fre,1,3
0.4543166195517348,14,3,fre,1,3
0.38758144651273974,15,3,fre,1,3
0.41003428295683686,16,3,fre,1,3
0.3627034854910257,17,3,fre,1,3
0.23273998074491464,18,3,fre,1,3
0.3656426684592799,19,3,fre,1,3
0.3771794200107201,20,3,fre,1,3
0.4432090750116182,21,3,fre,1,3
0.39706095016605514,22,3,fre,1,3
0.4771491704150701,23,3,fre,1,3
0.3298541345146543,24,3,fre,1,3
0.33969412379117336,25,3,fre,1,3
0.42042691195226295,26,3,fre,1,3
0.2912673344003536,27,3,fre,1,3
0.47653985057814474,28,3,fre,1,3
0.475714917362932,29,3,fre,1,3
0.36363277942154093,30,3,fre,1,3
0.356198527883659,31,3,fre,1,3
0.4712852844959615,32,3,fre,1,3
0.5049328391814859,33,3,fre,1,3
0.30296200685779123,34,3,fre,1,3
0.408281068256763,35,3,fre,1,3
0.44506140561869434,36,3,fre,1,3
0.4982370631185279,37,3,fre,1,3
0.5207849815061224,38,3,fre,1,3
0.3247733409918536,39,3,fre,1,3
0.49588946932317807,40,3,fre,1,3
0.20600215020362583,41,3,fre,1,3
0.4288145459074105,42,3,fre,1,3
0.3828958412519839,43,3,fre,1,3
0.1783610449026557,44,3,fre,1,3
0.4344011080511125,45,3,fre,1,3
0.4443801544414235,46,3,fre,1,3
0.48175912758310974,47,3,fre,1,3
0.2567886047243197,48,3,fre,1,3
0.5178059510893727,49,3,fre,1,3
0.5321068004482541,50,3,fre,1,3
0.3441991940884838,51,3,fre,1,3
0.44697419211084494,52,3,fre,1,3
0.4307309473851654,53,3,fre,1,3
0.31809653851892605,54,3,fre,1,3
0.613791745475573,55,3,fre,1,3
0.4762002633156343,56,3,fre,1,3
0.41525927541926405,57,3,fre,1,3
0.45610949156215963,58,3,fre,1,3
0.37690982540000945,59,3,fre,1,3
0.2929856321002897,60,3,fre,1,3
0.4677533209270929,61,3,fre,1,3
0.36724610769031124,62,3,fre,1,3
0.41336996117743857,63,3,fre,1,3
0.46446853304070396,64,3,fre,1,3
0.3022991028202734,65,3,fre,1,3
0.48231881095782386,66,3,fre,1,3
0.4915391893094457,67,3,fre,1,3
0.47678094535994536,68,3,fre,1,3
0.398291962906365,69,3,fre,1,3
0.5983759891710857,70,3,fre,1,3
0.2555209202590548,71,3,fre,1,3
0.36763353557705686,72,3,fre,1,3
0.43695142114211916,73,3,fre,1,3
0.43035468049177306,74,3,fre,1,3
0.4449497713000593,75,3,fre,1,3
0.5661680586027505,76,3,fre,1,3
0.3788218345124082,77,3,fre,1,3
0.3729348204333295,78,3,fre,1,3
0.4507281460123352,79,3,fre,1,3
0.5022815350459495,80,3,fre,1,3
0.48796842611958696,81,3,fre,1,3
0.5317787281145875,82,3,fre,1,3
0.46042203937352133,83,3,fre,1,3
0.5395656781410767,84,3,fre,1,3
0.38360677400550414,85,3,fre,1,3
0.38492675869320303,86,3,fre,1,3
0.3480008095151504,87,3,fre,1,3
0.23830833354987577,88,3,fre,1,3
0.4335227481740877,89,3,fre,1,3
0.47122758607098914,90,3,fre,1,3
0.20311181509710416,91,3,fre,1,3
0.3963860035690994,92,3,fre,1,3
0.7220027392604808,93,3,fre,1,3
0.6871112566132488,94,3,fre,1,3
0.17581570889844048,95,3,fre,1,3
0.44357726857804597,96,3,fre,1,3
0.40532015127350357,97,3,fre,1,3
0.3703006722705846,98,3,fre,1,3
0.6052125350797218,99,3,fre,1,3
0.43179387250556445,100,3,fre,1,3
0.3745760580520286,101,3,fre,1,3
0.4509850623345415,102,3,fre,1,3
0.36537687710325045,103,3,fre,1,3
0.40301682342839396,104,3,fre,1,3
0.40928640611093997,105,3,fre,1,3
0.4795160688901432,106,3,fre,1,3
0.3486165484867825,107,3,fre,1,3
0.3424768252304595,108,3,fre,1,3
0.40058342243127065,109,3,fre,1,3
0.4072810336082501,110,3,fre,1,3
0.33970978148240877,111,3,fre,1,3
0.4520004232103197,112,3,fre,1,3
0.46070263387406873,113,3,fre,1,3
0.4275768546687239,114,3,fre,1,3
0.5518864276699952,115,3,fre,1,3
0.3058940173966845,116,3,fre,1,3
0.30152585688067574,117,3,fre,1,3
0.46613151284533494,118,3,fre,1,3
0.3897269624275479,119,3,fre,1,3
0.4707395188099007,120,3,fre,1,3
0.5195826655712591,121,3,fre,1,3
0.3696006856788848,122,3,fre,1,3
0.36402519256638133,123,3,fre,1,3
0.4705917016753131,124,3,fre,1,3
0.36412669607940346,125,3,fre,1,3
0.31313928059613644,126,3,fre,1,3
0.28655664003624715,127,3,fre,1,3
0.5671568835617024,128,3,fre,1,3
0.43610898979552015,129,3,fre,1,3
0.434402044590712,130,3,fre,1,3
0.46578223418664705,131,3,fre,1,3
0.3607267796703516,132,3,fre,1,3
0.25827790694976294,133,3,fre,1,3
0.41743411069313063,134,3,fre,1,3
0.35664719389709126,135,3,fre,1,3
0.3614364906590368,136,3,fre,1,3
0.43458585535747496,137,3,fre,1,3
0.49105250043969406,138,3,fre,1,3
0.4734033408988004,139,3,fre,1,3
0.5265586838845863,140,3,fre,1,3
0.320039488581955,141,3,fre,1,3
0.2988104680457405,142,3,fre,1,3
0.43104089760536396,143,3,fre,1,3
0.35170540653798643,144,3,fre,1,3
0.6472875609783622,145,3,fre,1,3
0.4595220312753585,146,3,fre,1,3
0.4045549525842617,147,3,fre,1,3
0.6054952762583239,148,3,fre,1,3
0.5003742788936159,149,3,fre,1,3
0.46161408991727904,150,3,fre,1,3
0.4115536949453877,151,3,fre,1,3
0.41916484055212866,152,3,fre,1,3
0.5981484376500028,153,3,fre,1,3
0.31935248723804094,154,3,fre,1,3
0.4952907761186346,155,3,fre,1,3
0.5306694801189844,156,3,fre,1,3
0.38304933957080617,157,3,fre,1,3
0.28094530286149283,158,3,fre,1,3
NA,1,4,eng,1,3
NA,2,4,eng,1,3
NA,3,4,eng,1,3
NA,4,4,eng,1,3
0.299925917768538,5,4,eng,1,3
0.25076432277834554,6,4,eng,1,3
0.2645391207868036,7,4,eng,1,3
0.29532736499854245,8,4,eng,1,3
0.38736908560011224,9,4,eng,1,3
0.34971694377286566,10,4,eng,1,3
0.3758021669091519,11,4,eng,1,3
0.3680780334359467,12,4,eng,1,3
0.28534556174949033,13,4,eng,1,3
0.2843498054861536,14,4,eng,1,3
0.34376892724806424,15,4,eng,1,3
0.09736675779404802,16,4,eng,1,3
0.25211275681461454,17,4,eng,1,3
0.22659762789436094,18,4,eng,1,3
0.361284556809454,19,4,eng,1,3
0.22761228228519717,20,4,eng,1,3
0.25445438588387126,21,4,eng,1,3
0.27590870634858933,22,4,eng,1,3
0.4755945447930744,23,4,eng,1,3
0.24049558624633854,24,4,eng,1,3
0.44604042872337785,25,4,eng,1,3
0.4009261478632782,26,4,eng,1,3
0.5473278056632555,27,4,eng,1,3
0.11346094649694083,28,4,eng,1,3
0.09045475634581965,29,4,eng,1,3
0.16887172174671877,30,4,eng,1,3
0.5228157391559828,31,4,eng,1,3
0.3109658312494741,32,4,eng,1,3
0.13872271192775792,33,4,eng,1,3
0.37807797237486257,34,4,eng,1,3
0.22035961854265085,35,4,eng,1,3
0.22019292750637112,36,4,eng,1,3
0.3564425477087387,37,4,eng,1,3
0.23964276369943055,38,4,eng,1,3
0.41174122004898306,39,4,eng,1,3
0.2341696198494043,40,4,eng,1,3
0.25269233538681163,41,4,eng,1,3
0.2962972502467994,42,4,eng,1,3
0.24701809367901348,43,4,eng,1,3
0.3753452923559761,44,4,eng,1,3
0.2665633382267593,45,4,eng,1,3
0.3125161069787283,46,4,eng,1,3
0.38948724531192286,47,4,eng,1,3
0.170249300328051,48,4,eng,1,3
0.28186365499246624,49,4,eng,1,3
0.3462087299358424,50,4,eng,1,3
0.09696540288020729,51,4,eng,1,3
0.32049098516570207,52,4,eng,1,3
0.3808494001180197,53,4,eng,1,3
0.34403897688481766,54,4,eng,1,3
0.44242594784548905,55,4,eng,1,3
0.380020464110392,56,4,eng,1,3
0.4413203651672068,57,4,eng,1,3
0.167187500763472,58,4,eng,1,3
0.295751280852862,59,4,eng,1,3
0.223893345419083,60,4,eng,1,3
0.1646878772194915,61,4,eng,1,3
0.4586956674681665,62,4,eng,1,3
0.3948757761735123,63,4,eng,1,3
0.21065150723367965,64,4,eng,1,3
0.2512243947587094,65,4,eng,1,3
0.16657654349748682,66,4,eng,1,3
0.3934013524687596,67,4,eng,1,3
0.1987360199810276,68,4,eng,1,3
0.19834732158156107,69,4,eng,1,3
0.3262465334411742,70,4,eng,1,3
0.28232000457200385,71,4,eng,1,3
0.07873011272143156,72,4,eng,1,3
0.28067431871277465,73,4,eng,1,3
0.32515421666519173,74,4,eng,1,3
0.38805896932651895,75,4,eng,1,3
0.19012250278325818,76,4,eng,1,3
0.43380190942095487,77,4,eng,1,3
0.20350718255334718,78,4,eng,1,3
0.28935064335109706,79,4,eng,1,3
0.33675456393868025,80,4,eng,1,3
0.30748115189651243,81,4,eng,1,3
0.26296827120440547,82,4,eng,1,3
0.3459560518657991,83,4,eng,1,3
0.2148385270267623,84,4,eng,1,3
0.1516911567219749,85,4,eng,1,3
0.3244452018233294,86,4,eng,1,3
0.36278116899792173,87,4,eng,1,3
0.29177120512188937,88,4,eng,1,3
0.4233194040981179,89,4,eng,1,3
0.40185083492513085,90,4,eng,1,3
0.20551990562986985,91,4,eng,1,3
0.35342322614091637,92,4,eng,1,3
0.2787363888160495,93,4,eng,1,3
0.15862997973808818,94,4,eng,1,3
0.2858168020938571,95,4,eng,1,3
0.2553490623048604,96,4,eng,1,3
0.39845016171243197,97,4,eng,1,3
0.30881906338310317,98,4,eng,1,3
0.025483938534554287,99,4,eng,1,3
0.36693818655038946,100,4,eng,1,3
0.7028870054096698,101,4,eng,1,3
0.5169489675986451,102,4,eng,1,3
0.16283255281801384,103,4,eng,1,3
0.270562336370115,104,4,eng,1,3
0.28907621930888466,105,4,eng,1,3
0.5966919506000561,106,4,eng,1,3
0.2852322581709258,107,4,eng,1,3
0.1705736142343814,108,4,eng,1,3
0.24241460595877026,109,4,eng,1,3
0.44302753374555953,110,4,eng,1,3
0.4331879988241809,111,4,eng,1,3
0.4932622334864987,112,4,eng,1,3
0.3442613521585934,113,4,eng,1,3
0.11785837645808751,114,4,eng,1,3
0.3345849680228917,115,4,eng,1,3
0.23114674515293918,116,4,eng,1,3
0.20553979596521657,117,4,eng,1,3
0.192584618323409,118,4,eng,1,3
0.2963893033323148,119,4,eng,1,3
0.2751970831558826,120,4,eng,1,3
0.2317319386673771,121,4,eng,1,3
0.10790299600019841,122,4,eng,1,3
0.2041885022952871,123,4,eng,1,3
0.2311520150512313,124,4,eng,1,3
0.24797610436138148,125,4,eng,1,3
0.13354797732575943,126,4,eng,1,3
0.2216859456870953,127,4,eng,1,3
0.17240975878768303,128,4,eng,1,3
0.24301622016373742,129,4,eng,1,3
0.4385039323879711,130,4,eng,1,3
0.15788498697864561,131,4,eng,1,3
0.1980377588874015,132,4,eng,1,3
0.2920101678602365,133,4,eng,1,3
0.3564916137394669,134,4,eng,1,3
0.24597229483826322,135,4,eng,1,3
0.2927644184063842,136,4,eng,1,3
0.12395246587809605,137,4,eng,1,3
0.3080385028214966,138,4,eng,1,3
0.10811960553761689,139,4,eng,1,3
0.26592025645588735,140,4,eng,1,3
0.14318191830434743,141,4,eng,1,3
0.42001790364026453,142,4,eng,1,3
0.20092355647261081,143,4,eng,1,3
0.16627859611794057,144,4,eng,1,3
0.4735514387467139,145,4,eng,1,3
0.09747888573824277,146,4,eng,1,3
0.3048065876550245,147,4,eng,1,3
0.048312124395849185,148,4,eng,1,3
0.12495935642984676,149,4,eng,1,3
0.17381575233078125,150,4,eng,1,3
0.18370301176954157,151,4,eng,1,3
0.26548509516795316,152,4,eng,1,3
0.28988790548245275,153,4,eng,1,3
0.36417019032498144,154,4,eng,1,3
0.3504352016814557,155,4,eng,1,3
0.40426577968516825,156,4,eng,1,3
0.12212195513035376,157,4,eng,1,3
0.22061405072316898,158,4,eng,1,3
0.4273519668389454,159,4,eng,1,3
0.3387960028899567,160,4,eng,1,3
0.5917333440843693,161,4,eng,1,3
0.278664838399021,162,4,eng,1,3
0.2681597391282215,163,4,eng,1,3
0.5133793319205882,164,4,eng,1,3
0.43724663766153443,165,4,eng,1,3
0.14354303786806297,166,4,eng,1,3
0.2547153055141836,167,4,eng,1,3
0.214399496544741,168,4,eng,1,3
0.0685823093917841,169,4,eng,1,3
0.31547321541460077,170,4,eng,1,3
0.26302005353139735,171,4,eng,1,3
0.3343681488876846,172,4,eng,1,3
