umap.x,umap.y,story,grain
3.8448381,9.1492195,1,1
3.9288378,9.447899,1,1
3.8993115,9.481069,1,1
2.6143615,6.016638,1,1
2.6936886,6.9579763,1,1
4.0589795,9.020452,1,1
4.1723266,10.138701,1,1
3.2487001,10.066834,1,1
3.1671946,10.286751,1,1
4.69994,10.01689,1,1
4.5111356,10.163591,1,1
4.839301,10.194377,1,1
4.278706,9.444195,1,1
3.1093378,6.3507376,1,1
3.3572571,6.155829,1,1
2.1877315,5.6253037,1,1
0.1587774,4.0265465,1,1
1.9373493,5.7714834,1,1
4.1351433,4.432783,1,1
4.6624274,10.1158,1,1
3.5563054,10.077317,1,1
6.799295,5.3402877,1,1
2.9440854,5.5169187,1,1
2.6646686,5.8469386,1,1
2.6302984,5.8958197,1,1
3.6991777,9.858263,1,1
-0.06399797,3.9609706,1,1
6.6436667,7.1440544,1,1
4.5139923,9.394201,1,1
3.6217122,9.096085,1,1
4.2058253,5.057209,1,1
4.6117177,4.318917,1,1
2.2800949,7.028116,1,1
3.1259382,9.210071,1,1
2.9850996,9.5968485,1,1
4.0367208,8.166062,1,1
5.129998,8.837386,1,1
2.2057571,4.4120684,1,1
3.2413971,5.5895915,1,1
2.9152374,3.9330685,1,1
4.4546843,8.875614,1,1
6.204079,8.63516,1,1
6.24388,8.498518,1,1
3.2068837,9.459633,1,1
1.9109794,6.7717867,1,1
2.6415462,6.3320174,1,1
1.9063114,6.6207476,1,1
1.7037716,6.5835943,1,1
1.7706351,6.8503847,1,1
5.8189025,3.7153537,1,1
6.4430795,3.602416,1,1
4.2514873,3.422503,1,1
5.6985044,4.665298,1,1
4.2155237,1.9836758,1,1
4.487888,2.2140725,1,1
5.9769983,3.3567693,1,1
5.42553,3.4472303,1,1
6.531396,3.6910803,1,1
6.492505,4.3002276,1,1
1.8344289,6.579628,1,1
3.3508646,6.831201,1,1
5.3006353,4.706974,1,1
3.2852304,7.098622,1,1
2.845891,9.071593,1,1
5.443168,4.733193,1,1
2.685631,7.668065,1,1
2.7887647,7.9570384,1,1
3.4750373,8.661839,1,1
3.860854,8.541424,1,1
5.4246755,8.438697,1,1
3.9835906,7.817655,1,1
2.7389991,4.3813486,1,1
2.1360786,4.4439144,1,1
5.1039,5.591378,1,1
5.7336283,9.138145,1,1
6.3438296,8.367592,1,1
5.666036,8.576831,1,1
5.748738,7.8548245,1,1
5.4716244,9.644879,1,1
4.523035,7.012715,1,1
4.7243047,6.007876,1,1
4.5598016,5.642065,1,1
3.9095843,4.3473625,1,1
-0.28007632,3.9625773,1,1
-0.0757018,3.8032706,1,1
4.295557,6.4972396,1,1
3.7881606,4.2681117,1,1
2.5052752,4.8115773,1,1
1.2908543,4.1029716,1,1
2.48888,3.506431,1,1
2.5068595,3.3103313,1,1
2.5878663,4.1797442,1,1
3.536435,5.0681257,1,1
4.564287,5.4161506,1,1
2.1813486,4.9612737,1,1
3.526203,4.763616,1,1
3.3927598,3.9126208,1,1
2.8787725,3.1640835,1,1
3.6922088,3.543142,1,1
3.9709527,4.1768007,1,1
6.00574,3.8924594,1,1
4.344341,6.1398206,1,1
5.5874867,6.66918,1,1
6.0542974,7.1910453,1,1
2.4521925,4.529318,1,1
3.5703912,4.5340724,1,1
3.0172346,4.6568055,1,1
3.5864036,3.1789608,1,1
3.9796536,3.1904593,1,1
3.7805834,2.9634542,1,1
3.2685554,3.0249126,1,1
3.2833126,3.1029909,1,1
5.3369856,7.2217445,1,1
7.27457,6.884164,1,1
7.650678,5.943238,1,1
7.36126,6.238265,1,1
6.835506,6.8267107,1,1
7.502588,5.7880282,1,1
7.12343,6.4516616,1,1
7.1296053,5.41868,1,1
-0.00044146104,3.9391096,1,1
7.3093424,6.8806067,1,1
6.5455165,6.3316736,1,1
6.3577623,4.8929677,1,1
7.3994517,5.1242237,1,1
6.1064157,3.985348,1,1
4.0071154,3.0123546,1,1
5.3849177,3.3350544,1,1
4.820841,6.917372,1,1
4.34247,7.2614,1,1
3.241431,8.346964,1,1
3.785457,5.442525,1,1
5.455611,5.399477,1,1
6.1297126,5.214006,1,1
3.1476758,7.4539824,1,1
3.254769,7.5645533,1,1
5.555205,7.7777553,1,1
4.5818768,8.11847,1,1
5.044124,7.6594315,1,1
5.528768,9.333589,1,1
4.7038484,7.9352236,1,1
5.3741693,2.8703873,1,1
5.419328,2.722793,1,1
4.655674,2.9444191,1,1
4.6264367,2.9803424,1,1
2.389462,5.273188,1,1
3.274135,3.673877,1,1
3.112627,3.9883826,1,1
3.3007455,3.8507876,1,1
3.6039937,8.007955,1,1
4.7265167,3.594056,1,1
4.9150925,3.680716,1,1
4.733269,3.6297927,1,1
4.1638556,1.9905125,1,1
4.5181155,2.247645,1,1
6.0583963,3.4002666,1,1
5.423258,3.3991282,1,1
3.5453444,8.914373,2,1
4.1835485,9.448494,2,1
3.7776172,9.110073,2,1
3.9565463,9.354832,2,1
2.728272,6.897586,2,1
4.1442633,9.042296,2,1
4.1694837,10.00312,2,1
3.2424989,10.040811,2,1
3.1839466,10.205034,2,1
4.59108,9.9292755,2,1
4.398361,10.25233,2,1
4.8235383,10.129457,2,1
4.3466983,9.3913555,2,1
3.1648903,6.4215827,2,1
3.2305303,6.275511,2,1
3.374359,6.127739,2,1
2.1104453,5.6783557,2,1
4.2448125,4.5112247,2,1
4.653159,9.992966,2,1
3.5832875,10.036013,2,1
6.8093204,5.379279,2,1
3.0262926,5.453934,2,1
2.155197,6.4099045,2,1
3.1169283,5.4605393,2,1
2.6108303,5.2682953,2,1
2.8627017,5.9554195,2,1
2.7548463,5.8133025,2,1
3.8201635,9.933455,2,1
4.6337004,9.496272,2,1
3.5699017,8.970307,2,1
4.468557,4.837876,2,1
4.638752,4.167246,2,1
2.2948654,7.0614786,2,1
3.1347916,9.197942,2,1
3.015097,9.589752,2,1
3.2647762,5.036191,2,1
4.044283,8.070458,2,1
5.1555486,8.788431,2,1
2.0731006,4.5701947,2,1
1.7179765,4.2222986,2,1
2.2419727,4.242213,2,1
3.2568839,5.5679975,2,1
2.8992383,3.907805,2,1
4.511521,8.791557,2,1
6.1420445,8.513069,2,1
3.2427344,9.478406,2,1
2.0021787,6.809791,2,1
2.753646,6.25702,2,1
2.9606094,3.0617025,2,1
1.965331,6.7805834,2,1
1.8042744,6.777291,2,1
5.939244,3.7192943,2,1
6.3351254,3.6146038,2,1
5.641729,4.685506,2,1
4.1845336,2.0020466,2,1
4.5194883,2.286993,2,1
5.615517,3.413122,2,1
6.511562,3.6189659,2,1
2.1015468,6.4269967,2,1
3.3446636,6.770866,2,1
3.3004303,7.0619326,2,1
2.7585497,8.972607,2,1
5.503551,4.7261057,2,1
2.7262123,7.695881,2,1
2.7486565,7.932775,2,1
3.4503353,8.670137,2,1
3.821652,8.576146,2,1
5.3775396,8.515248,2,1
6.087748,6.6536627,2,1
4.057701,7.677205,2,1
2.7202141,4.7526655,2,1
2.2734337,4.431451,2,1
5.170579,5.542805,2,1
5.790391,8.995332,2,1
6.2687387,8.310589,2,1
5.7070336,8.740061,2,1
5.822197,8.109577,2,1
5.9260435,7.920144,2,1
5.594507,9.596355,2,1
5.7737975,7.627109,2,1
5.456348,9.611881,2,1
4.503914,7.1158657,2,1
4.6043873,5.905755,2,1
3.7864254,4.3481493,2,1
4.4040117,6.3516283,2,1
0.2981242,3.83654,2,1
2.496009,3.3446076,2,1
2.590806,3.5916047,2,1
3.5714405,5.088603,2,1
4.7104897,5.417659,2,1
2.1887155,4.9300814,2,1
3.6134775,4.7212067,2,1
3.3442242,3.8424802,2,1
2.7321243,3.2947373,2,1
3.679584,3.4243603,2,1
5.299001,4.2064962,2,1
4.374605,6.2574153,2,1
5.5740085,6.7201624,2,1
6.0418715,7.0389204,2,1
2.4163396,4.4869204,2,1
3.3759801,4.6438284,2,1
3.7122173,3.1013255,2,1
5.429263,7.0807676,2,1
7.2538443,6.930019,2,1
7.580351,5.8726773,2,1
7.3572655,6.1363807,2,1
7.4814334,6.0970063,2,1
6.8361926,6.1693068,2,1
7.090164,6.4961867,2,1
7.2091546,5.334308,2,1
7.246781,6.867501,2,1
6.53905,6.303003,2,1
6.2861996,4.859862,2,1
7.3479514,5.0724425,2,1
6.0886445,3.915182,2,1
4.0256734,2.9826229,2,1
4.972296,6.698882,2,1
4.2103796,7.3183537,2,1
3.0299582,8.304439,2,1
6.103655,8.347615,2,1
5.8884854,8.708788,2,1
3.8311062,5.398231,2,1
5.42883,5.350587,2,1
6.021871,5.230362,2,1
3.1815774,7.5795403,2,1
5.246921,7.8788204,2,1
5.0795474,7.743215,2,1
5.5657725,9.263355,2,1
4.6285214,8.288431,2,1
4.8818464,7.4355073,2,1
5.4376936,2.8633363,2,1
5.419094,2.7336347,2,1
4.654093,2.923896,2,1
2.532349,4.9779944,2,1
3.0112011,3.8584495,2,1
3.314412,3.7710667,2,1
3.6135128,8.0982065,2,1
4.7709002,3.813075,2,1
4.926616,3.6546845,2,1
4.69633,3.5804546,2,1
6.3475585,3.4250507,2,1
4.0610466,2.0741487,2,1
4.5588784,2.277325,2,1
5.504038,3.2371817,2,1
3.5542893,9.017647,3,1
4.1887436,9.569092,3,1
2.704455,6.993739,3,1
4.1840034,8.955476,3,1
4.2379065,10.006388,3,1
3.3508995,10.054062,3,1
3.1349308,10.310193,3,1
4.799375,9.869772,3,1
4.288681,10.37097,3,1
5.005919,9.5645,3,1
4.8836946,10.217835,3,1
4.195256,9.534207,3,1
3.0770018,6.246038,3,1
3.4204726,6.073672,3,1
2.1272612,5.706414,3,1
1.8444659,5.600514,3,1
4.3202157,4.492725,3,1
4.1656513,4.542932,3,1
4.638168,10.026163,3,1
3.6615527,10.060631,3,1
6.8474226,5.398894,3,1
2.7296607,5.625458,3,1
2.9128888,5.8599353,3,1
3.7330432,9.7585,3,1
4.078097,10.251673,3,1
-0.061461534,3.8654711,3,1
6.639947,7.1570415,3,1
4.713597,9.491553,3,1
3.5557663,9.033589,3,1
4.2251244,5.0278635,3,1
4.665441,4.112916,3,1
3.1254113,9.222208,3,1
3.0359833,9.667725,3,1
3.2560768,4.9572935,3,1
4.079573,8.043178,3,1
5.2198772,8.532879,3,1
4.8804154,8.698963,3,1
5.3145475,8.535211,3,1
1.736718,4.3271503,3,1
2.1794765,4.3468757,3,1
-0.3988604,3.8140657,3,1
3.308896,5.699571,3,1
2.8825352,3.884195,3,1
4.4087496,8.720603,3,1
6.132076,8.565407,3,1
3.3796504,9.570288,3,1
2.4046965,6.5022063,3,1
2.8243139,3.16037,3,1
1.9468539,6.837148,3,1
1.7562819,6.76714,3,1
5.9741006,3.735549,3,1
6.4436097,3.656435,3,1
5.756067,4.673373,3,1
4.2172723,1.9531574,3,1
4.472242,2.299449,3,1
5.5878515,3.3517652,3,1
6.5128293,3.6100678,3,1
6.420717,4.5250864,3,1
2.0002222,6.589765,3,1
3.332454,6.770056,3,1
3.260162,7.091601,3,1
2.7576382,8.997367,3,1
5.460932,4.674653,3,1
2.743143,7.6586695,3,1
5.5732017,8.297458,3,1
2.7666967,7.970347,3,1
3.3970752,8.722761,3,1
3.867823,8.525274,3,1
4.7631145,8.372778,3,1
5.6416078,8.515108,3,1
6.11203,6.6557193,3,1
4.0613565,7.7271667,3,1
3.7914479,6.2975864,3,1
2.6865451,4.161813,3,1
2.3720305,4.583241,3,1
5.1624913,5.475149,3,1
5.7582655,9.096573,3,1
6.304159,8.319801,3,1
5.784921,8.845598,3,1
5.7135344,8.371855,3,1
6.029649,8.037698,3,1
5.601053,7.9552083,3,1
5.6650167,9.511075,3,1
5.6847863,7.5474377,3,1
5.393805,9.650689,3,1
4.5173283,7.034967,3,1
4.598893,5.8819313,3,1
4.7387557,5.0439854,3,1
3.752962,4.368349,3,1
4.500904,6.475671,3,1
-0.489623,3.7628474,3,1
0.06585384,3.7539802,3,1
-0.38002536,3.7848666,3,1
0.013701557,3.7870495,3,1
2.4514074,3.3198912,3,1
2.5098782,3.6508167,3,1
3.7838054,5.171627,3,1
2.26143,4.9158072,3,1
3.5071292,4.684847,3,1
3.4415064,3.7176256,3,1
2.9170728,3.1744788,3,1
3.7914207,3.4747825,3,1
5.389336,4.110153,3,1
4.5197754,6.2581344,3,1
5.6434355,6.673559,3,1
5.9502525,7.0466237,3,1
6.753362,6.9901934,3,1
2.416864,4.517675,3,1
3.4838374,4.5694337,3,1
3.0172195,4.668149,3,1
3.4922585,3.1846135,3,1
5.4198675,7.0740776,3,1
7.337267,6.8127913,3,1
7.607801,5.858888,3,1
7.458436,6.1020994,3,1
7.195865,6.272162,3,1
6.7510533,6.7760425,3,1
7.4609194,5.8304048,3,1
6.6521516,6.054212,3,1
6.9073906,6.536111,3,1
7.22341,6.3080583,3,1
7.2583957,5.1965237,3,1
7.053831,5.569651,3,1
7.3359857,6.7828727,3,1
6.521763,6.2670445,3,1
6.3921266,4.9229918,3,1
7.41774,5.1000543,3,1
6.1863613,4.0243344,3,1
5.30757,2.9622798,3,1
3.9927623,3.0282903,3,1
5.0068984,6.818163,3,1
4.291482,7.2795324,3,1
2.9695427,8.253633,3,1
6.227118,8.333169,3,1
5.975077,8.815579,3,1
3.9265513,7.7407703,3,1
3.8716629,5.346866,3,1
5.427261,5.3896937,3,1
5.988869,5.212875,3,1
3.1699798,7.521157,3,1
5.5267396,7.7399716,3,1
4.634641,8.25109,3,1
5.1268897,7.638782,3,1
5.491156,9.444695,3,1
4.7485356,8.267602,3,1
5.054761,7.418019,3,1
5.4297857,2.8679774,3,1
5.510268,2.811186,3,1
5.0921574,2.602553,3,1
4.683046,2.8313594,3,1
3.6467917,7.9857883,3,1
4.7156672,3.73383,3,1
4.7002654,3.6897652,3,1
6.3495975,3.415143,3,1
4.098304,2.0519423,3,1
4.552646,2.3238769,3,1
5.559705,3.1943145,3,1
-0.1666703,3.912922,3,1
3.608224,8.985421,4,1
4.1217895,9.584851,4,1
2.4934757,6.0819774,4,1
2.6637022,6.905686,4,1
4.1310773,8.987588,4,1
4.19822,10.037831,4,1
3.221105,10.120831,4,1
3.1864352,10.307474,4,1
4.859458,9.804926,4,1
4.3932276,10.337334,4,1
4.9181986,9.719167,4,1
4.764071,10.171374,4,1
4.218954,9.306064,4,1
3.1400907,6.2587056,4,1
3.3938947,6.0081115,4,1
2.1540766,5.9536176,4,1
2.123145,5.6326394,4,1
0.12414791,3.9903286,4,1
1.8953916,5.72686,4,1
4.173474,4.516545,4,1
4.5973105,10.078422,4,1
3.5357218,10.055047,4,1
6.8278985,5.378108,4,1
2.8411124,5.517339,4,1
2.8225043,5.5113196,4,1
2.517654,5.501103,4,1
2.9186044,5.877302,4,1
3.6240377,9.817229,4,1
3.981243,10.230428,4,1
-0.09750668,3.9438925,4,1
-0.07184801,3.919154,4,1
6.663005,7.1027517,4,1
4.7408752,9.523333,4,1
3.495865,9.160377,4,1
4.161105,5.141316,4,1
4.687164,4.1277423,4,1
3.328322,8.969249,4,1
3.1311402,9.213184,4,1
2.9738507,9.6912365,4,1
3.2750726,4.9180107,4,1
4.0614333,8.087334,4,1
5.2258058,8.708792,4,1
4.8072557,8.761635,4,1
5.3099046,8.481363,4,1
2.0276375,4.720417,4,1
1.7760483,4.2296,4,1
2.1893911,4.377089,4,1
-0.4192592,3.827789,4,1
3.2889025,5.6707816,4,1
2.9350693,3.9506862,4,1
4.3250613,8.735777,4,1
6.098477,8.649808,4,1
3.3013122,9.548416,4,1
2.5194867,6.4560614,4,1
1.8791195,6.732522,4,1
1.8116332,6.2064614,4,1
1.6925627,6.9264307,4,1
5.9124603,3.7572591,4,1
6.442339,3.6285074,4,1
5.6762447,4.6926646,4,1
4.2226257,1.9479606,4,1
4.5293903,2.2736287,4,1
5.617883,3.4066575,4,1
6.5583706,3.8156493,4,1
1.8388801,6.7554793,4,1
3.3401423,6.7905135,4,1
3.2720652,7.051834,4,1
2.7613487,8.95101,4,1
5.446259,4.65598,4,1
5.376202,4.665685,4,1
2.699823,7.675954,4,1
5.50348,8.510274,4,1
2.7907963,8.020265,4,1
3.3607285,8.7074995,4,1
3.8966124,8.506419,4,1
4.81511,8.370213,4,1
5.739504,8.474633,4,1
6.026413,6.7074876,4,1
4.014472,7.616023,4,1
3.7929032,6.420022,4,1
2.6856048,4.1941066,4,1
2.2811005,4.5156083,4,1
5.2345004,5.6586375,4,1
5.775476,9.0563965,4,1
6.287633,8.288242,4,1
5.7193294,8.922204,4,1
5.697029,8.432021,4,1
5.989654,8.031551,4,1
5.548901,8.077823,4,1
5.630725,9.534308,4,1
5.996457,7.048043,4,1
5.438434,9.623509,4,1
4.4932694,7.0278616,4,1
4.6529455,5.97857,4,1
4.541404,5.6585317,4,1
4.7146873,5.161228,4,1
3.8335054,4.317946,4,1
4.5391326,6.7440386,4,1
-0.40738732,3.7726352,4,1
0.055229507,3.7943316,4,1
-0.42657155,3.795508,4,1
0.19030169,3.8035927,4,1
2.45252,3.5065486,4,1
2.546955,3.1878219,4,1
2.5347328,3.2036088,4,1
2.4847136,3.5406768,4,1
1.7684317,5.9498034,4,1
2.5175738,4.19365,4,1
3.4894717,5.1390553,4,1
4.5852857,5.3258724,4,1
2.1741543,4.876385,4,1
3.5256026,4.7345376,4,1
3.3653872,3.850887,4,1
1.8082049,5.948532,4,1
2.816,3.1913257,4,1
3.7028482,3.524694,4,1
5.4296556,4.067287,4,1
4.3988867,6.3006463,4,1
5.657701,6.639778,4,1
5.986087,7.151544,4,1
2.9202254,4.652153,4,1
6.71123,6.958383,4,1
2.4535367,4.3783455,4,1
3.4658136,4.5429354,4,1
2.940089,4.682231,4,1
3.5480356,3.1602159,4,1
5.366256,7.1014485,4,1
7.3393917,6.866247,4,1
7.6738706,5.9267874,4,1
7.493734,6.36603,4,1
7.148992,6.194137,4,1
6.704798,6.791979,4,1
7.539102,5.8857145,4,1
6.7216935,6.5352445,4,1
7.1100802,6.450469,4,1
7.285314,5.174477,4,1
7.1648655,5.6440783,4,1
7.340813,6.81275,4,1
6.484151,6.0595326,4,1
6.3726463,4.9325066,4,1
7.386976,5.09764,4,1
6.1278563,3.9674423,4,1
5.380326,2.964093,4,1
4.0164404,2.9880574,4,1
5.3958783,3.4024742,4,1
4.8273587,7.006171,4,1
4.3580194,7.2173653,4,1
3.0258975,7.588919,4,1
2.9442263,8.258602,4,1
6.2544394,8.415705,4,1
5.974971,8.868157,4,1
3.9064083,7.6921873,4,1
3.8841078,5.3861904,4,1
5.472836,5.385136,4,1
6.04734,5.2023587,4,1
3.1393707,7.455455,4,1
5.5113373,7.7733965,4,1
4.6638436,8.229154,4,1
5.0506186,7.7445164,4,1
5.453074,9.3930025,4,1
4.6192446,8.173312,4,1
5.0312257,7.338439,4,1
5.4377904,2.8969812,4,1
5.4154806,2.7680907,4,1
4.644915,2.984543,4,1
3.7824566,8.054132,4,1
3.565539,7.9351926,4,1
4.7086396,3.6534283,4,1
6.3049226,3.3386369,4,1
4.1354547,1.9760567,4,1
4.551837,2.3100712,4,1
5.53996,3.1656866,4,1
9.3515215,11.0942,1,2
9.4084,11.176714,1,2
7.571071,11.654976,1,2
9.898324,9.883078,1,2
9.706191,9.69839,1,2
9.238952,9.998722,1,2
9.640916,10.884129,1,2
7.551407,12.677259,1,2
7.6149054,13.0728655,1,2
7.2453146,12.904022,1,2
8.013151,12.472099,1,2
7.2543707,12.183512,1,2
9.212935,10.531944,1,2
6.1056714,13.477303,1,2
8.685133,10.417864,1,2
6.774571,11.479057,1,2
8.732907,11.126551,1,2
8.860306,11.34068,1,2
7.286446,9.907115,1,2
6.3734665,12.77692,1,2
8.405016,9.487655,1,2
8.651327,9.748275,1,2
7.2877507,11.636352,1,2
7.4011216,11.388571,1,2
3.1629028,11.170432,1,2
2.550191,11.096265,1,2
2.8746688,12.563195,1,2
2.83668,12.403172,1,2
2.580197,11.493733,1,2
7.7445436,11.942044,1,2
8.213089,11.504767,1,2
8.5736475,11.7835045,1,2
5.6378446,9.916526,1,2
6.3994713,9.141417,1,2
8.131412,9.288439,1,2
7.419731,10.42474,1,2
6.0152264,10.780215,1,2
6.887446,8.633973,1,2
7.897281,8.337333,1,2
7.4105287,8.012426,1,2
5.036962,10.9083,1,2
4.955043,11.625196,1,2
5.166381,11.576467,1,2
5.006993,11.596781,1,2
6.1146736,12.392473,1,2
6.631275,12.056693,1,2
5.7667713,11.364024,1,2
5.69972,12.132123,1,2
4.7269206,12.443236,1,2
3.968011,12.280761,1,2
5.217742,10.090884,1,2
4.81349,9.218131,1,2
5.629035,12.538525,1,2
4.996858,12.582019,1,2
3.831402,11.853586,1,2
4.1705203,12.164627,1,2
4.489621,9.322359,1,2
3.230189,8.794571,1,2
3.4447894,8.740424,1,2
3.4937713,9.079524,1,2
3.920621,9.264098,1,2
3.0100217,9.658482,1,2
2.9420042,10.438588,1,2
3.8337464,11.417344,1,2
4.365398,10.56982,1,2
6.9357266,10.608494,1,2
6.4261327,10.839839,1,2
6.6671996,10.444523,1,2
7.260851,9.057268,1,2
7.0083528,8.529257,1,2
7.4610643,9.056541,1,2
3.175046,11.860693,1,2
4.0235085,11.72563,1,2
4.510049,12.182843,1,2
6.4950495,10.131898,1,2
3.6060407,12.367722,1,2
3.2087262,12.630805,1,2
2.7768483,12.218735,1,2
2.5757961,11.7243,1,2
9.274563,10.974749,2,2
9.2196455,11.158598,2,2
7.593802,11.568861,2,2
9.947712,9.807736,2,2
9.611236,9.740308,2,2
9.231621,10.002036,2,2
9.64229,10.834768,2,2
7.351688,12.58747,2,2
7.451362,13.083553,2,2
9.130574,9.905007,2,2
7.880339,12.407074,2,2
6.873157,12.463358,2,2
7.1174445,12.2139015,2,2
9.229991,10.405236,2,2
8.58156,10.451115,2,2
6.6830997,11.509024,2,2
8.608481,11.148988,2,2
8.8004465,11.381824,2,2
7.66033,9.468945,2,2
5.8037095,12.859833,2,2
6.178201,12.923141,2,2
8.322338,9.559967,2,2
8.76589,9.746696,2,2
7.3000603,11.602384,2,2
7.5431314,11.449399,2,2
3.3643029,11.033787,2,2
2.552238,11.140361,2,2
2.8504157,12.637488,2,2
2.599548,11.351377,2,2
7.991323,11.710581,2,2
8.347382,11.674064,2,2
5.715429,9.852711,2,2
6.4131184,9.196502,2,2
8.06188,9.082813,2,2
7.724851,10.255914,2,2
6.178578,11.848205,2,2
6.5550394,8.720022,2,2
8.107153,8.633242,2,2
7.9402943,8.215814,2,2
7.4705505,8.237543,2,2
7.2534847,7.9136586,2,2
5.046615,11.049283,2,2
5.166483,11.662947,2,2
6.5579104,12.012488,2,2
5.6531715,11.549635,2,2
5.726515,12.137821,2,2
4.7379093,12.3869915,2,2
3.9927502,12.1835165,2,2
4.9532447,9.769487,2,2
4.833978,9.436325,2,2
5.1880813,12.449708,2,2
4.449135,9.353105,2,2
3.1803787,8.8341055,2,2
3.341508,8.742673,2,2
3.2647088,9.194066,2,2
3.945042,9.260987,2,2
2.8845448,9.877033,2,2
2.988695,10.857352,2,2
4.209946,10.709534,2,2
6.9948726,9.449893,2,2
6.9180264,10.500619,2,2
6.4211464,10.894533,2,2
7.1358914,9.487477,2,2
7.0033484,8.567591,2,2
7.3333683,9.068745,2,2
3.1685724,11.823416,2,2
3.9960802,11.675895,2,2
4.554187,11.974862,2,2
6.5925603,9.804159,2,2
3.7053032,12.283162,2,2
3.074087,12.674125,2,2
2.7906148,12.073827,2,2
9.3468075,11.009907,3,2
7.5816345,11.693516,3,2
9.948586,9.909707,3,2
9.735508,9.669548,3,2
9.183435,9.776068,3,2
9.690258,10.60364,3,2
7.261583,12.558444,3,2
7.543668,13.157785,3,2
6.8369427,12.96272,3,2
9.197364,9.76139,3,2
7.754555,12.434589,3,2
8.543092,12.02322,3,2
9.47936,10.128914,3,2
8.712482,10.341219,3,2
8.410604,10.880735,3,2
8.688719,11.313553,3,2
8.841458,11.385278,3,2
7.773367,9.262813,3,2
7.4715047,9.495785,3,2
5.88439,12.841014,3,2
6.320957,12.964248,3,2
8.218185,9.407202,3,2
8.452146,9.735589,3,2
7.2379727,11.713663,3,2
7.378411,11.494611,3,2
2.6397984,11.123095,3,2
2.9381938,12.637747,3,2
2.8350158,11.990191,3,2
2.6256804,11.030267,3,2
8.046029,11.5301695,3,2
8.556804,11.696925,3,2
5.646937,9.886584,3,2
6.3407393,9.169802,3,2
6.597014,9.243922,3,2
8.013752,8.748561,3,2
7.7591763,10.202012,3,2
6.206214,12.114153,3,2
6.112987,11.618435,3,2
6.7798724,8.678997,3,2
7.98059,8.38755,3,2
7.922925,8.119884,3,2
7.5193315,8.16962,3,2
7.164654,7.9679623,3,2
5.023934,10.939494,3,2
5.045087,11.572063,3,2
5.934238,13.559835,3,2
5.9674754,13.576705,3,2
6.4737287,12.108797,3,2
5.780332,11.506524,3,2
5.0012016,12.385764,3,2
4.5405264,12.341517,3,2
5.042259,10.356322,3,2
4.853483,9.301382,3,2
5.6042247,12.618276,3,2
5.4306,12.776489,3,2
4.3860707,9.515635,3,2
3.5583298,8.868972,3,2
3.3543918,8.952727,3,2
3.4329972,8.764828,3,2
3.3507211,8.632942,3,2
3.1554286,9.090299,3,2
3.9949977,9.24594,3,2
3.0058625,9.654622,3,2
2.8431182,10.520624,3,2
3.5802982,11.493956,3,2
4.268474,10.739445,3,2
6.9571414,9.387339,3,2
7.2567644,10.188546,3,2
6.4519377,11.033833,3,2
6.571738,10.597096,3,2
7.2645736,8.872404,3,2
7.1509447,8.478419,3,2
7.549311,8.836721,3,2
3.1106374,11.81807,3,2
3.174528,11.996007,3,2
6.592529,9.93734,3,2
3.4292827,12.566587,3,2
2.8489373,12.71039,3,2
2.706818,11.844255,3,2
9.4196615,11.001145,4,2
7.409422,12.054569,4,2
10.050799,10.032884,4,2
9.899188,9.7921915,4,2
9.473223,9.666735,4,2
9.244934,9.899164,4,2
9.72471,10.807446,4,2
7.4406238,12.8333435,4,2
7.1829844,13.288538,4,2
7.427591,13.065941,4,2
9.256097,9.917435,4,2
7.9419017,12.513343,4,2
7.1512737,12.42529,4,2
8.466362,12.1081705,4,2
9.383249,10.091609,4,2
6.195029,13.436148,4,2
8.646518,10.457001,4,2
6.781962,11.335184,4,2
8.809491,11.309813,4,2
8.826384,11.437843,4,2
7.8862233,9.219454,4,2
7.638375,9.447657,4,2
5.6734133,12.941243,4,2
5.914531,12.948953,4,2
6.375557,12.839572,4,2
8.193152,9.316233,4,2
7.975723,10.864498,4,2
7.5298805,11.343349,4,2
3.1530378,11.1159115,4,2
2.4877362,11.060466,4,2
2.7603028,12.729439,4,2
2.580422,11.216202,4,2
8.033857,11.379381,4,2
8.597462,11.76085,4,2
5.521102,9.986919,4,2
5.773,9.773695,4,2
6.4500103,9.198101,4,2
8.046497,9.3682785,4,2
7.8797174,8.806487,4,2
7.777371,10.296856,4,2
6.1264844,11.903525,4,2
6.6261024,8.620695,4,2
8.073035,8.593023,4,2
7.942387,8.274826,4,2
7.657112,8.217126,4,2
7.26108,8.010129,4,2
7.2372007,7.833615,4,2
4.907828,10.979612,4,2
5.096964,11.536372,4,2
5.933226,13.555252,4,2
5.901333,13.588723,4,2
6.2557464,12.231004,4,2
6.531969,12.171067,4,2
6.4504104,12.143174,4,2
5.872692,11.404617,4,2
5.6663933,12.271661,4,2
4.894884,12.493806,4,2
4.5985675,12.344163,4,2
5.1006083,10.237255,4,2
4.943968,9.17343,4,2
5.4860168,12.865775,4,2
5.6169696,12.676261,4,2
5.0985475,12.683031,4,2
4.3581347,9.388381,4,2
3.2699077,8.706085,4,2
3.5071464,8.967466,4,2
3.2622766,8.655327,4,2
3.1775384,9.175967,4,2
3.8306704,9.1708145,4,2
2.9291224,9.74323,4,2
2.8542426,10.501942,4,2
3.6311116,11.38702,4,2
4.1809125,11.004302,4,2
4.4036207,10.554498,4,2
7.0456905,9.3506155,4,2
7.269757,10.144135,4,2
6.441646,10.9158745,4,2
6.6533017,10.684465,4,2
7.295845,8.925955,4,2
7.2044992,8.657598,4,2
7.456009,8.910642,4,2
3.0598884,11.746728,4,2
6.5472255,9.808482,4,2
6.4976554,10.008875,4,2
3.0974092,12.706517,4,2
2.7505977,12.067023,4,2
7.7515626,11.264444,1,3
7.090732,11.089568,1,3
8.969744,11.36271,1,3
8.736865,10.839653,1,3
7.313853,10.728803,1,3
6.1050296,11.090533,1,3
8.099959,10.552905,1,3
6.664945,11.00211,1,3
8.604159,10.844583,1,3
8.379194,11.415874,1,3
7.190055,10.278842,1,3
7.7956743,11.74485,1,3
8.679562,9.355988,1,3
8.9576645,8.860169,1,3
8.082322,10.830724,1,3
6.7101583,10.21203,1,3
3.985508,7.2657166,1,3
3.38582,7.1668105,1,3
3.3070483,6.867553,1,3
5.720735,11.4077635,1,3
6.996779,11.811881,1,3
6.9260426,9.020516,1,3
7.6225996,8.446943,1,3
7.9713545,7.595336,1,3
7.060627,8.3319235,1,3
7.970603,7.1564574,1,3
7.3106065,7.492163,1,3
5.844609,8.516618,1,3
5.751208,8.717779,1,3
5.4668007,9.804307,1,3
5.463295,10.166348,1,3
5.0743756,9.967411,1,3
4.4205704,9.25513,1,3
5.983448,7.784379,1,3
6.098122,7.320674,1,3
4.548562,9.575894,1,3
4.415426,8.948516,1,3
6.40488,7.0998178,1,3
5.832667,5.5074744,1,3
5.485098,5.696464,1,3
5.366677,6.1319156,1,3
4.8266826,6.129437,1,3
4.9961185,8.022748,1,3
8.246007,9.109534,1,3
7.8612013,9.1846285,1,3
7.9685106,8.563765,1,3
7.7840204,7.997292,1,3
4.015017,6.6727786,1,3
4.3979096,7.9068933,1,3
6.860445,8.413946,1,3
3.7875807,7.4964256,1,3
3.4231992,7.296322,1,3
3.2822485,6.5287294,1,3
7.7023563,11.312177,2,3
7.4975667,11.197733,2,3
8.831694,11.428498,2,3
8.8111,10.916168,2,3
7.4237494,10.542267,2,3
6.2021127,11.030625,2,3
8.467042,10.901823,2,3
5.9102283,10.3924265,2,3
5.8391676,10.500705,2,3
8.600597,11.62265,2,3
7.154328,10.174501,2,3
7.629155,11.78116,2,3
8.810641,9.358601,2,3
5.7969704,9.711084,2,3
9.037984,8.795179,2,3
8.14722,10.977815,2,3
6.7186275,10.197607,2,3
3.9522228,6.9773493,2,3
3.5652962,6.87291,2,3
5.8226533,11.450243,2,3
6.976305,11.716338,2,3
7.2928867,8.833713,2,3
7.969042,7.7808514,2,3
6.1890054,9.502459,2,3
7.5086665,7.9459224,2,3
7.881031,7.0102334,2,3
7.471137,7.5689063,2,3
5.998479,8.424559,2,3
5.4169803,9.65803,2,3
5.377681,9.760648,2,3
4.7830424,9.76408,2,3
4.788568,9.033628,2,3
6.1134415,7.5669994,2,3
4.800848,9.544574,2,3
6.2832904,6.7350564,2,3
5.7842336,5.4319334,2,3
5.613531,5.836117,2,3
4.9752617,5.9204817,2,3
4.51832,6.5280538,2,3
8.402643,9.150605,2,3
7.7568274,9.332757,2,3
7.941845,8.932405,2,3
8.260209,8.083099,2,3
6.741832,7.210628,2,3
4.4483743,7.849498,2,3
6.798577,8.475528,2,3
3.6078782,7.3845525,2,3
3.4754126,6.844572,2,3
7.445966,11.187549,3,3
8.7436905,11.365689,3,3
8.983256,11.169283,3,3
7.891488,10.575505,3,3
6.4254174,10.824839,3,3
6.384532,10.784162,3,3
8.458984,11.003722,3,3
5.925221,10.678951,3,3
8.779731,11.651956,3,3
8.182286,11.468379,3,3
7.698026,11.698232,3,3
8.686457,9.746521,3,3
8.655464,9.177456,3,3
5.809196,9.516326,3,3
8.921512,8.604607,3,3
8.074854,11.237049,3,3
6.7955184,10.052138,3,3
3.9078722,7.131272,3,3
3.6620011,6.9375367,3,3
5.8823195,11.539244,3,3
7.118126,11.840442,3,3
7.087227,8.763598,3,3
7.8303638,8.374392,3,3
8.097866,7.4627485,3,3
6.0652285,9.49958,3,3
7.439922,7.8916883,3,3
8.004709,7.1288514,3,3
7.5850425,7.4183903,3,3
6.9998055,7.5743003,3,3
5.6997757,8.601173,3,3
5.949206,9.232249,3,3
5.41944,9.8817005,3,3
4.934455,9.833453,3,3
4.5655017,9.181818,3,3
6.0480385,7.6816354,3,3
5.8321304,7.6251245,3,3
4.6066785,9.5308895,3,3
6.182549,6.85815,3,3
5.8232503,5.4930086,3,3
5.504147,5.5287232,3,3
5.5053406,5.6378164,3,3
5.1574397,5.995197,3,3
4.751111,6.183281,3,3
5.161353,7.774854,3,3
8.479424,8.7864065,3,3
7.5858245,9.460839,3,3
7.9752755,9.217131,3,3
8.131269,8.018873,3,3
8.120252,7.813046,3,3
4.032018,6.632383,3,3
6.932974,8.393452,3,3
3.293887,7.3429055,3,3
3.5267167,6.5021367,3,3
7.512398,11.342416,4,3
7.1757793,10.972502,4,3
9.028845,11.154044,4,3
8.607415,10.732703,4,3
7.3559856,10.621328,4,3
6.1089277,11.084794,4,3
6.9290156,10.767187,4,3
8.246309,11.049354,4,3
6.128587,10.791332,4,3
8.845148,11.612115,4,3
8.442525,11.759865,4,3
7.6027837,10.918775,4,3
7.6884727,11.689172,4,3
8.64991,9.857384,4,3
8.845638,9.301474,4,3
5.597434,9.57295,4,3
9.028868,8.841462,4,3
8.318691,10.541091,4,3
6.8242326,10.264924,4,3
4.132912,7.0640125,4,3
3.3770242,7.1151633,4,3
5.83688,11.506795,4,3
7.0579224,11.852302,4,3
7.0113225,8.873226,4,3
7.7332826,8.393648,4,3
8.173332,7.500569,4,3
6.1934977,9.67161,4,3
7.263909,8.43651,4,3
8.08088,7.088523,4,3
7.627346,7.3618126,4,3
7.3189874,7.4245124,4,3
5.819812,8.354348,4,3
5.856521,8.803456,4,3
6.1008162,9.103031,4,3
5.52423,9.97575,4,3
5.5870047,9.976457,4,3
5.056033,10.020827,4,3
4.5040374,9.42976,4,3
4.6416006,8.920108,4,3
6.1503954,7.4850736,4,3
5.295981,8.778037,4,3
4.5645037,9.616175,4,3
6.343326,6.8927107,4,3
6.0058064,5.5874195,4,3
5.3528967,5.540977,4,3
5.5190763,5.754147,4,3
4.992037,5.9628053,4,3
4.6073723,6.3525443,4,3
5.179425,7.9598465,4,3
8.490814,8.735053,4,3
7.692423,9.483547,4,3
7.8970876,9.1061,4,3
8.204776,8.164686,4,3
7.9724345,7.995645,4,3
3.9250407,6.7507863,4,3
7.045788,8.279003,4,3
3.258184,7.2446017,4,3
3.4504316,6.6709285,4,3
0.26563877,7.2653613,1,4
1.2052066,7.089242,1,4
-0.85425943,7.950148,1,4
0.8093924,6.7632384,1,4
0.6188181,6.1165657,1,4
0.18638305,6.653377,1,4
-0.85588855,7.4114366,1,4
-0.14039572,7.617912,1,4
-0.0038772873,7.3414097,1,4
0.88900584,9.088573,1,4
-0.2933149,8.774603,1,4
1.8490089,6.6884217,1,4
2.706625,5.7087135,1,4
3.2875082,5.5119195,1,4
2.2563198,6.190126,1,4
1.1756864,7.3944426,1,4
1.7052361,8.146789,1,4
0.16007963,9.653918,1,4
1.9278587,9.56383,1,4
-0.37361076,9.960733,1,4
2.444575,10.6500435,1,4
2.7668924,10.404171,1,4
3.5336914,10.017052,1,4
2.49672,9.237374,1,4
3.444785,8.87369,1,4
4.041304,9.188781,1,4
3.67993,8.640895,1,4
3.5362463,9.161451,1,4
5.147234,7.709489,1,4
5.170007,7.2006917,1,4
4.7598734,7.3013544,1,4
4.2630897,6.771174,1,4
2.9252994,7.847928,1,4
1.6220431,9.081533,1,4
0.7083407,10.555118,1,4
0.926497,10.268231,1,4
3.133369,8.43973,1,4
1.734153,9.744426,1,4
3.1808758,5.601415,1,4
2.7906961,6.3924847,1,4
0.38636863,7.443766,2,4
1.407167,7.1319146,2,4
-0.8604865,7.946601,2,4
1.0202403,6.8405566,2,4
0.8012441,6.0139055,2,4
0.56837434,6.596621,2,4
1.112921,6.242129,2,4
-0.046512205,7.967301,2,4
0.018527042,7.564402,2,4
0.83450073,9.423303,2,4
1.0875877,9.200487,2,4
-0.19068949,8.679997,2,4
2.105136,6.7673745,2,4
2.8835313,5.474871,2,4
2.382711,6.12504,2,4
1.5649415,7.679164,2,4
0.8250049,8.360153,2,4
2.1583452,9.621539,2,4
-0.24345864,9.517422,2,4
-0.3186695,10.187274,2,4
2.1268709,10.729127,2,4
3.2848938,9.988919,2,4
2.784617,9.087481,2,4
3.2642574,9.124199,2,4
4.0793877,9.070072,2,4
4.0227365,8.41635,2,4
5.476149,7.373805,2,4
5.0162473,7.3501687,2,4
4.567703,6.8412633,2,4
3.0844398,7.754827,2,4
1.6539925,8.937161,2,4
0.6766693,10.097138,2,4
1.0111009,10.430803,2,4
3.008842,8.539749,2,4
1.4994152,9.8496475,2,4
3.1591153,5.6677885,2,4
0.45860952,7.193906,3,4
-0.6906058,7.7059054,3,4
-0.9925188,7.9044595,3,4
0.8561008,6.1914806,3,4
0.3590976,6.2558064,3,4
0.39433712,6.480195,3,4
-0.57264334,8.132062,3,4
0.19518985,7.628363,3,4
-0.17767167,7.469312,3,4
1.101862,9.278952,3,4
0.5601425,9.003784,3,4
-0.41375437,8.86554,3,4
2.4247067,6.4873257,3,4
2.997848,5.552362,3,4
1.8697671,6.2147703,3,4
1.4305133,7.465543,3,4
0.8191213,8.443213,3,4
-0.0014745153,9.986707,3,4
2.2786653,9.412207,3,4
-0.25915948,9.725992,3,4
-0.20334964,10.323582,3,4
2.1896646,10.776858,3,4
2.8400218,10.316238,3,4
3.429393,10.108373,3,4
2.848856,8.980664,3,4
3.6156063,9.294097,3,4
4.0707726,8.651449,3,4
3.6904788,8.447758,3,4
5.2505436,7.6074977,3,4
5.287878,7.269589,3,4
5.285369,7.211311,3,4
4.7271457,6.9383736,3,4
3.2113354,7.624583,3,4
0.004923962,9.281761,3,4
1.8360062,8.860119,3,4
0.4270286,10.495287,3,4
0.85420537,10.398434,3,4
1.5677971,9.924196,3,4
3.174145,5.5405817,3,4
2.9931738,6.2254205,3,4
0.58886665,7.1870885,4,4
-0.5976767,7.6754193,4,4
-0.99553025,7.697925,4,4
0.74822336,6.8869004,4,4
0.92050624,6.0165806,4,4
0.0626503,6.7574263,4,4
0.9119813,6.309346,4,4
-0.6709834,8.274958,4,4
0.18541774,7.837997,4,4
0.0040019704,7.3426285,4,4
0.48956764,9.350209,4,4
1.4996796,9.213929,4,4
0.2091209,9.020673,4,4
0.38318905,7.757926,4,4
2.6135924,5.807041,4,4
2.8600204,5.7586412,4,4
1.0331136,7.2509985,4,4
1.9684563,8.018616,4,4
0.70063555,8.36146,4,4
0.10229288,9.95359,4,4
2.0431097,9.670119,4,4
-0.4586813,10.052041,4,4
0.050194878,10.504873,4,4
2.363406,10.728252,4,4
2.7832005,10.464539,4,4
3.3576145,10.199857,4,4
3.4966054,10.0414715,4,4
2.4851909,9.130873,4,4
3.3783522,8.995973,4,4
4.003975,9.140728,4,4
3.9650383,8.548985,4,4
4.0252905,8.19296,4,4
5.38431,7.549717,4,4
5.2550845,7.230939,4,4
4.944838,7.1266575,4,4
4.5260863,6.819584,4,4
3.0242677,7.521092,4,4
-0.039856393,9.385698,4,4
1.8760352,8.951378,4,4
0.50519115,10.510683,4,4
1.0574007,10.43691,4,4
1.6816949,9.817367,4,4
3.0729642,5.689109,4,4
11.722099,10.690871,1,5
12.794245,10.725741,1,5
12.206315,11.149323,1,5
10.771592,11.320405,1,5
11.448808,11.324445,1,5
12.559187,10.562991,1,5
10.967438,10.020506,1,5
12.963611,9.301083,1,5
12.686479,9.81454,1,5
10.236882,8.889223,1,5
9.128875,8.528489,1,5
9.251258,8.420243,1,5
10.56243,10.213437,1,5
11.401246,8.94281,1,5
11.860451,7.5942125,1,5
13.22231,8.454214,1,5
13.075275,7.1513553,1,5
12.7310705,6.804337,1,5
12.050343,6.493169,1,5
11.083629,6.324326,1,5
10.293213,6.030071,1,5
10.585203,6.4353137,1,5
10.168682,6.1532264,1,5
8.325394,6.5366206,1,5
8.910054,7.056163,1,5
9.347619,7.5448723,1,5
11.799555,8.572732,1,5
11.769821,8.889286,1,5
11.3641815,8.10975,1,5
11.2161045,7.074279,1,5
9.006085,8.273508,1,5
8.555485,8.425757,1,5
11.775911,10.369959,2,5
12.467821,10.799374,2,5
12.164268,10.950891,2,5
10.813579,10.913863,2,5
11.392634,11.316891,2,5
10.961991,10.858957,2,5
10.99909,9.908422,2,5
13.1261425,9.427342,2,5
12.192378,7.332652,2,5
11.576869,10.003633,2,5
9.324294,8.8421,2,5
9.070124,9.065202,2,5
10.503032,9.811416,2,5
11.9540615,9.71237,2,5
11.946659,7.5070806,2,5
12.989863,8.359105,2,5
13.117139,7.453344,2,5
12.165192,6.2105784,2,5
11.406615,6.186129,2,5
10.6662035,6.1480894,2,5
10.411267,6.6386995,2,5
8.635902,6.6007442,2,5
8.914659,7.079434,2,5
10.663659,7.5303583,2,5
12.2153015,8.107217,2,5
12.2251005,8.860786,2,5
10.5373,7.5960855,2,5
11.939906,7.7430882,2,5
8.846002,8.703079,2,5
11.5640335,10.595941,3,5
12.656265,10.854051,3,5
12.026062,11.271485,3,5
10.547178,11.013685,3,5
11.355478,11.338022,3,5
12.166653,10.374955,3,5
11.269886,10.082573,3,5
12.928266,9.089307,3,5
12.760936,9.073444,3,5
11.565764,10.037712,3,5
9.062299,8.788092,3,5
9.422887,8.897044,3,5
10.502813,9.988065,3,5
11.743958,9.515241,3,5
11.770765,7.220037,3,5
12.748505,8.032445,3,5
13.262067,8.147714,3,5
13.182772,7.3046317,3,5
12.132151,6.2842774,3,5
12.366789,6.58443,3,5
10.83614,5.9393787,3,5
10.629555,6.7483644,3,5
10.085853,6.616687,3,5
8.481102,6.364512,3,5
8.649454,6.65195,3,5
8.744282,7.2309275,3,5
10.931665,7.8121495,3,5
12.087335,8.267727,3,5
12.449058,8.665398,3,5
10.633344,7.905341,3,5
11.716859,7.719785,3,5
8.510264,8.378186,3,5
11.768216,10.581183,4,5
12.575182,10.915148,4,5
12.210696,11.124009,4,5
10.5763855,11.195332,4,5
11.745565,11.153921,4,5
10.79854,11.213859,4,5
12.300495,10.262349,4,5
11.066137,10.292846,4,5
13.002081,9.531948,4,5
11.93725,6.91417,4,5
12.571828,9.6299515,4,5
9.553653,8.895233,4,5
9.211745,8.390362,4,5
10.40929,9.955738,4,5
11.456973,8.878802,4,5
12.966612,8.647978,4,5
12.08519,7.590642,4,5
13.171298,8.308105,4,5
13.263221,7.603367,4,5
12.988359,7.001355,4,5
11.983328,6.2613697,4,5
12.396297,6.5200863,4,5
11.345893,6.250242,4,5
10.385279,5.907667,4,5
10.721565,6.656297,4,5
10.038058,6.4201655,4,5
8.415074,6.3037763,4,5
8.72928,6.86277,4,5
8.902528,7.4626737,4,5
11.383106,8.453005,4,5
12.000193,8.293695,4,5
11.962434,9.058092,4,5
10.910752,8.004739,4,5
11.590558,7.89697,4,5
8.789439,8.605052,4,5
12.275912,11.566574,1,6
13.062484,11.543607,1,6
11.493891,10.720533,1,6
12.299838,10.969207,1,6
12.827334,11.700316,1,6
11.341227,11.529432,1,6
12.017462,10.088535,1,6
12.6654215,10.66043,1,6
8.431773,11.512586,1,6
8.545417,11.734468,1,6
10.935134,11.405449,1,6
13.546459,10.184391,1,6
11.720828,8.650012,1,6
13.503217,8.830262,1,6
11.065661,8.618148,1,6
10.389434,8.761073,1,6
9.893084,8.614642,1,6
8.7517605,9.061564,1,6
9.583021,8.39019,1,6
7.896689,9.013423,1,6
8.12728,9.666151,1,6
11.41468,9.455267,1,6
12.667345,9.417516,1,6
13.249693,9.472498,1,6
10.239174,9.10818,1,6
8.494307,11.492763,1,6
8.9951105,11.434246,1,6
12.092721,11.688487,2,6
13.079004,11.500995,2,6
11.308425,10.843234,2,6
12.709069,11.380104,2,6
10.742142,9.841764,2,6
11.075332,11.907731,2,6
12.09271,9.993295,2,6
12.641803,10.288691,2,6
9.239615,11.793788,2,6
8.662334,11.980614,2,6
10.652939,11.592804,2,6
13.649894,10.1877365,2,6
13.661107,9.561343,2,6
13.443784,8.773097,2,6
10.526218,9.037246,2,6
9.912354,8.767358,2,6
8.980572,8.805631,2,6
8.400863,9.192987,2,6
7.8755584,9.287816,2,6
8.263906,10.169702,2,6
12.25834,9.33516,2,6
13.327651,9.49766,2,6
9.984332,9.340619,2,6
8.775977,11.380594,2,6
11.832748,11.33336,3,6
13.247142,11.700869,3,6
11.359153,10.607144,3,6
12.658798,11.305853,3,6
13.123763,11.058634,3,6
11.4966955,11.769039,3,6
12.122028,9.861576,3,6
12.787355,10.210545,3,6
9.100232,12.004073,3,6
8.270065,11.823066,3,6
10.899663,11.618421,3,6
13.664387,10.415279,3,6
11.291863,8.783744,3,6
13.816041,9.12273,3,6
13.217823,8.663587,3,6
10.633463,8.990883,3,6
9.648013,9.00478,3,6
9.032163,8.713559,3,6
9.049121,9.128809,3,6
7.7564926,9.137425,3,6
7.71546,9.210104,3,6
8.072792,9.978047,3,6
12.213476,9.332155,3,6
12.474503,9.508679,3,6
13.2586975,9.279422,3,6
12.125195,8.637864,3,6
8.857275,11.381871,3,6
11.683438,11.4601555,4,6
13.0060215,11.663061,4,6
11.490307,10.628467,4,6
12.196753,11.0818615,4,6
10.629227,9.720621,4,6
12.865707,11.032225,4,6
11.575431,11.734531,4,6
11.95284,9.8778,4,6
12.849532,10.327533,4,6
9.054551,12.107835,4,6
8.43372,11.724848,4,6
10.79695,11.567109,4,6
13.497781,10.290269,4,6
11.702965,8.90594,4,6
13.721575,9.246828,4,6
13.066027,8.603925,4,6
11.135574,8.459927,4,6
10.656205,8.705718,4,6
9.878917,8.9409485,4,6
9.514435,8.443776,4,6
9.386767,9.149865,4,6
8.286735,9.006411,4,6
7.5660934,9.246173,4,6
7.906059,9.867008,4,6
12.288349,9.013464,4,6
12.374912,9.196688,4,6
13.331335,9.242367,4,6
11.840208,8.409387,4,6
8.363984,11.531627,4,6
15.052779,8.933629,1,7
15.389235,10.6171,1,7
14.2377,7.722074,1,7
14.190751,8.360561,1,7
15.378948,9.704043,1,7
14.793181,11.364661,1,7
14.709254,10.378702,1,7
12.030816,7.3225408,1,7
13.317441,7.2746468,1,7
13.438056,9.455052,1,7
12.612465,9.971301,1,7
12.651911,11.413902,1,7
12.630945,8.769185,1,7
11.950914,9.5090475,1,7
11.484489,9.06923,1,7
11.395217,8.834577,1,7
10.747387,10.519016,1,7
10.521214,9.978292,1,7
13.333779,10.379385,1,7
13.477449,10.777754,1,7
12.671574,10.426931,1,7
12.819993,9.801392,1,7
11.647298,7.5570097,1,7
14.980411,9.026925,2,7
15.199369,10.413975,2,7
14.05444,7.5940804,2,7
14.052167,8.215004,2,7
15.166006,9.628492,2,7
14.730361,11.602033,2,7
14.577164,10.9656725,2,7
12.5242195,7.3600473,2,7
13.012072,7.458931,2,7
13.701357,9.37179,2,7
12.463099,9.551451,2,7
12.868239,11.531561,2,7
12.476441,8.497938,2,7
11.423683,8.444357,2,7
11.393588,10.329528,2,7
10.251217,10.243781,2,7
10.347282,9.456923,2,7
13.769922,11.065914,2,7
13.023934,10.884646,2,7
11.999254,8.923781,2,7
11.797334,7.578491,2,7
15.06498,8.693467,3,7
15.207761,10.950214,3,7
13.845299,7.7994633,3,7
14.203102,8.08595,3,7
14.964341,9.414419,3,7
14.20002,11.498387,3,7
14.532493,10.974988,3,7
12.351132,7.1571636,3,7
13.445646,7.399888,3,7
13.491735,9.497984,3,7
12.191625,9.862722,3,7
13.389511,11.773067,3,7
12.449567,11.192419,3,7
12.438469,8.523325,3,7
11.711625,8.47713,3,7
11.443105,9.865693,3,7
10.516463,10.395152,3,7
10.290078,10.198197,3,7
10.269882,9.682509,3,7
13.830895,10.965957,3,7
13.145736,11.090363,3,7
12.498862,10.191208,3,7
11.581553,7.7144704,3,7
15.163042,9.011267,4,7
15.322444,10.823395,4,7
14.00017,7.5075564,4,7
14.423932,8.539406,4,7
15.356798,9.924213,4,7
14.890432,9.657255,4,7
14.301176,11.41432,4,7
14.551689,10.741536,4,7
12.586169,7.1555004,4,7
13.597092,7.1656513,4,7
13.555785,9.66216,4,7
12.426882,9.806278,4,7
13.387633,11.7615385,4,7
12.410661,10.987661,4,7
12.290735,8.49238,4,7
12.297592,9.004936,4,7
11.604398,8.710588,4,7
11.220695,10.191878,4,7
10.598617,10.524806,4,7
10.341643,10.12516,4,7
10.480943,9.438869,4,7
13.763841,10.638202,4,7
13.704439,10.338489,4,7
12.356157,10.268721,4,7
11.795712,7.4286456,4,7
6.6220407,10.28589,1,8
6.9403963,9.248841,1,8
7.4368,11.79773,1,8
6.368189,9.454648,1,8
6.921193,10.390786,1,8
7.522362,9.257428,1,8
5.854257,12.1720705,1,8
6.639449,12.073517,1,8
8.024609,11.0166855,1,8
9.244984,11.466083,1,8
9.158098,10.85806,1,8
8.512152,11.591448,1,8
8.150402,12.712809,1,8
8.750993,12.52401,1,8
5.6233377,9.538999,1,8
5.38335,10.361491,1,8
8.674916,9.875335,1,8
9.096111,9.790976,1,8
8.18897,12.791309,1,8
6.209513,12.783528,1,8
6.918463,10.62205,2,8
6.713216,9.368211,2,8
7.1254907,11.93257,2,8
8.01592,11.845038,2,8
7.0919566,10.388143,2,8
8.36452,10.403439,2,8
6.1476803,11.48353,2,8
6.333002,11.724275,2,8
7.5013576,10.826698,2,8
9.918663,11.296944,2,8
9.54793,10.726458,2,8
9.380324,12.197305,2,8
9.910586,12.304728,2,8
5.401776,9.539112,2,8
5.2746935,10.694991,2,8
9.725075,11.809969,2,8
9.909439,10.1932535,2,8
9.977715,10.718806,2,8
6.635028,10.854707,3,8
6.5630302,9.1562605,3,8
7.4213047,12.129292,3,8
7.172085,9.553917,3,8
7.0193396,10.140134,3,8
8.065094,9.765901,3,8
6.0823927,11.718512,3,8
6.614363,11.614325,3,8
7.6943474,10.664007,3,8
9.685115,11.542039,3,8
9.495055,10.322539,3,8
9.0027895,10.863755,3,8
9.025196,12.287358,3,8
9.599617,12.616729,3,8
5.422647,9.368501,3,8
5.17339,9.901418,3,8
8.921621,9.561704,3,8
9.397342,12.038338,3,8
9.601658,9.704548,3,8
6.0214014,12.858569,3,8
6.716854,10.795279,4,8
6.910863,8.991476,4,8
7.252907,12.054562,4,8
7.961149,12.085769,4,8
7.4471087,9.855097,4,8
8.175457,9.34396,4,8
8.039049,9.45017,4,8
6.0640264,12.176387,4,8
7.1717215,11.454434,4,8
7.688708,10.589808,4,8
9.489273,11.396345,4,8
9.260796,10.157371,4,8
9.064419,10.937165,4,8
8.686255,11.784277,4,8
8.291585,12.422358,4,8
9.143704,12.695972,4,8
5.3062468,9.634806,4,8
5.2552,10.219132,4,8
8.824417,9.734408,4,8
9.206813,11.898102,4,8
9.267755,9.421973,4,8
6.2904634,12.693655,4,8
0.30027556,2.6465816,1,9
1.4222957,2.773792,1,9
1.4319779,3.101423,1,9
-0.023229385,2.1407828,1,9
1.0479901,6.3865805,1,9
1.4882114,4.045612,1,9
2.3033397,4.2887783,1,9
0.70722914,5.0341687,1,9
1.1484412,7.187714,1,9
2.400742,6.3892474,1,9
3.0543287,6.426039,1,9
2.4994304,5.467666,1,9
2.7395248,5.6731644,1,9
3.258142,3.2729304,1,9
1.9150738,5.9026055,1,9
0.20541151,5.6845846,1,9
2.1520145,6.948139,1,9
2.7352073,4.6764784,1,9
0.191146,2.7758255,2,9
1.5109283,2.5146844,2,9
0.67316794,3.0251625,2,9
0.1577026,2.1242738,2,9
0.56614065,6.2999177,2,9
0.18891121,3.6409583,2,9
2.5572813,4.5010576,2,9
0.28357434,4.6480236,2,9
0.7599436,7.076089,2,9
2.2174964,6.638411,2,9
3.3208687,5.98082,2,9
3.1207905,5.8366466,2,9
3.2310112,3.7061372,2,9
0.5236796,5.8958073,2,9
-0.025125349,6.0753727,2,9
1.5657523,6.853236,2,9
0.41081363,3.3540115,3,9
1.2779037,2.926813,3,9
0.94600725,2.8123345,3,9
-0.2929232,2.563883,3,9
0.9488235,6.5358887,3,9
0.49833176,3.5178561,3,9
2.5198822,4.4577446,3,9
0.33453795,5.0575385,3,9
1.3689402,7.47736,3,9
1.6879597,6.3288774,3,9
3.1942732,6.697558,3,9
3.0708125,5.557227,3,9
3.2823253,5.294209,3,9
3.3998122,3.445682,3,9
3.3132048,4.188756,3,9
0.86478794,6.105235,3,9
0.12756059,6.5604367,3,9
2.9551163,4.750189,3,9
0.23301579,3.0168788,4,9
1.2585285,2.4497888,4,9
1.1892133,3.3627486,4,9
0.14863834,2.2294786,4,9
-0.030971881,3.2266963,4,9
1.3083466,6.3709455,4,9
1.6722311,4.1672325,4,9
1.8471434,4.5838075,4,9
0.123621985,4.923161,4,9
1.2130462,7.1347046,4,9
1.9812808,6.2008543,4,9
3.1195498,6.743105,4,9
3.2383466,6.054355,4,9
2.3004143,5.5816784,4,9
2.91666,3.3586338,4,9
3.4435678,3.7501724,4,9
1.4435359,5.6532474,4,9
0.80130243,5.625084,4,9
1.7466697,7.1621633,4,9
3.0490482,4.7536154,4,9
11.439022,6.13853,1,10
11.683473,6.9390335,1,10
12.211032,6.555093,1,10
10.082467,6.1094437,1,10
11.755466,7.5233445,1,10
11.026227,11.624329,1,10
9.983236,6.669879,1,10
10.025626,8.776698,1,10
10.568686,9.101534,1,10
9.248131,9.235034,1,10
10.380131,9.936417,1,10
10.069337,10.195352,1,10
11.35653,10.566153,1,10
10.004325,7.6040683,1,10
11.118033,9.658706,1,10
10.8545475,11.565865,1,10
11.240532,6.444788,2,10
11.669197,6.808525,2,10
12.057489,6.164475,2,10
10.184801,6.2552037,2,10
9.694558,7.9649734,2,10
11.509347,11.865424,2,10
9.602615,6.841925,2,10
9.868411,8.241562,2,10
11.494366,8.765907,2,10
9.231991,10.25711,2,10
9.684762,10.555739,2,10
11.481704,11.066812,2,10
10.233717,7.4384913,2,10
10.445415,10.383433,2,10
10.953879,11.9092455,2,10
11.035527,6.301286,3,10
11.29076,6.935219,3,10
11.880052,6.359976,3,10
10.239619,5.8969183,3,10
11.084042,7.8788195,3,10
11.402133,11.66815,3,10
9.721293,6.437866,3,10
9.586147,8.273985,3,10
11.48564,9.012737,3,10
9.1483555,9.101214,3,10
9.792509,9.718581,3,10
9.847903,10.702948,3,10
11.573983,10.746998,3,10
11.180066,8.81092,3,10
11.630677,9.105457,3,10
10.330484,8.41182,3,10
10.887103,6.2713747,4,10
11.459798,7.2679987,4,10
12.085301,6.810894,4,10
12.209996,7.334338,4,10
11.668345,8.024995,4,10
11.882337,7.756364,4,10
11.077965,11.196305,4,10
10.494322,9.309697,4,10
9.802358,8.577089,4,10
11.013501,9.059422,4,10
9.375113,9.406612,4,10
9.5316925,9.900589,4,10
9.658878,10.204755,4,10
11.710836,10.240095,4,10
11.153948,10.817313,4,10
10.348118,7.607314,4,10
10.9411125,9.805549,4,10
11.146603,11.78005,4,10
4.228603,3.4906971,1,11
3.347968,3.572914,1,11
2.7236543,4.4269586,1,11
4.5604353,3.8018987,1,11
2.196145,4.5834284,1,11
1.5186757,4.900092,1,11
4.9474936,4.5970063,1,11
5.167105,6.160439,1,11
2.6470227,5.301039,1,11
1.9461796,6.7892795,1,11
2.2832491,7.095777,1,11
1.5316198,6.8452735,1,11
4.0635138,5.6169996,1,11
2.1755207,5.562068,1,11
0.8505012,5.259676,1,11
4.5420136,3.5260742,2,11
3.5706794,3.1368484,2,11
2.9079294,4.8206625,2,11
4.753118,4.009117,2,11
5.1665044,5.0475483,2,11
1.3512303,5.080664,2,11
5.4120865,4.663815,2,11
5.5886784,5.940447,2,11
2.3789194,6.362441,2,11
2.818693,6.5168896,2,11
1.2969211,6.43108,2,11
3.778143,5.422957,2,11
1.8931961,5.76793,2,11
1.0801195,5.5028267,2,11
4.1373363,3.8120425,3,11
3.1675458,3.5846698,3,11
3.1396508,4.332516,3,11
4.565205,5.9351234,3,11
4.929172,5.3341517,3,11
1.1790292,4.8364153,3,11
5.2242155,4.3707976,3,11
5.5186033,5.6796765,3,11
2.7664948,5.6010222,3,11
1.9781668,6.069894,3,11
2.626193,6.8798943,3,11
1.2021633,6.710752,3,11
4.51032,5.668592,3,11
5.236538,5.537128,3,11
1.3951751,5.623851,3,11
3.947598,3.4234533,4,11
3.4488745,3.7738109,4,11
2.6526394,4.014327,4,11
3.7808013,4.4835386,4,11
3.335146,5.7674994,4,11
1.6866378,4.592969,4,11
3.5285993,4.972502,4,11
3.7337527,5.816747,4,11
5.452832,6.296954,4,11
2.769796,5.6508827,4,11
2.2867188,5.9642124,4,11
2.511295,6.570323,4,11
1.2344328,6.8574853,4,11
3.4015245,6.450808,4,11
4.0816636,6.0444217,4,11
4.0120196,4.9791274,4,11
8.390801,6.0710225,1,12
9.476594,6.48286,1,12
8.642789,6.4912763,1,12
9.866422,7.098109,1,12
11.6263075,4.356721,1,12
8.867979,5.0726786,1,12
11.707026,6.767682,1,12
10.724561,6.4369307,1,12
11.6990795,5.2903795,1,12
12.062,5.861305,1,12
12.517367,6.32058,1,12
10.185386,8.145129,1,12
10.968857,5.3867254,1,12
10.536786,4.430523,1,12
8.779473,5.860222,2,12
9.556361,5.783938,2,12
10.037569,5.7913885,2,12
9.976485,7.0986977,2,12
10.02971,4.6352053,2,12
9.648161,5.0930295,2,12
11.472702,7.7849565,2,12
10.713838,5.9549603,2,12
11.820651,7.4036584,2,12
12.267038,7.281431,2,12
11.026715,7.516137,2,12
10.6376095,5.4145837,2,12
9.015773,5.6776276,3,12
9.322404,6.04821,3,12
8.863713,6.8078423,3,12
10.356223,7.2582936,3,12
10.256345,4.754171,3,12
9.295226,4.8883057,3,12
11.566397,7.006374,3,12
10.854045,7.095063,3,12
11.422267,5.835605,3,12
11.741278,6.2375474,3,12
12.460993,7.2046604,3,12
10.623287,7.572827,3,12
11.105979,8.45372,3,12
10.788235,4.5728536,3,12
8.448153,5.717573,4,12
9.279045,6.3094583,4,12
10.078529,6.156193,4,12
8.443371,5.317064,4,12
9.849384,7.747391,4,12
11.782374,4.2162924,4,12
9.819642,8.272237,4,12
10.920777,8.205645,4,12
10.620561,6.602518,4,12
11.256258,5.608017,4,12
11.3418,6.314521,4,12
12.632487,6.821598,4,12
10.615352,7.955194,4,12
10.45072,8.47001,4,12
11.4203825,4.580504,4,12
10.194485,6.7753158,1,13
9.080438,6.676746,1,13
9.879608,5.692388,1,13
10.023679,5.096918,1,13
7.7544365,4.9529076,1,13
10.775334,6.6551576,1,13
10.983577,3.8454134,1,13
9.236414,3.9953609,1,13
8.719863,3.9517121,1,13
10.505956,2.9083993,1,13
10.840387,5.4804907,1,13
8.449355,4.869256,1,13
7.2016826,6.144939,1,13
9.789705,6.5426545,2,13
8.839709,6.858991,2,13
9.561947,5.99732,2,13
9.516079,4.652296,2,13
7.3788223,5.159357,2,13
10.662678,6.2058277,2,13
11.159579,4.1078863,2,13
8.376899,4.3285108,2,13
10.218307,2.582105,2,13
11.227488,5.3719516,2,13
8.196253,5.0021706,2,13
7.5127716,6.026163,2,13
10.067862,6.85155,3,13
8.92544,6.50697,3,13
10.217979,6.113941,3,13
10.052312,4.6649528,3,13
7.6459684,5.3823667,3,13
11.013013,6.4428506,3,13
11.178308,3.5953386,3,13
9.155679,4.66045,3,13
9.856185,3.4894164,3,13
10.457315,2.460826,3,13
11.133129,4.58462,3,13
11.27233,4.9288507,3,13
7.1925607,5.7186184,3,13
9.782104,7.024575,4,13
8.704493,6.4098597,4,13
9.386231,5.699753,4,13
10.314193,5.256603,4,13
9.968711,6.1015577,4,13
8.953524,5.8010006,4,13
9.7047,4.2120113,4,13
10.53385,3.8503807,4,13
9.028572,4.3758817,4,13
10.007396,3.7033763,4,13
10.375284,2.925389,4,13
10.709512,4.5215273,4,13
10.828955,5.078348,4,13
7.5837107,4.8258824,4,13
1.6424417,2.795859,1,14
2.739456,2.949909,1,14
1.0527453,3.0419233,1,14
0.59734267,3.3256764,1,14
3.8681045,3.3854601,1,14
2.6266756,4.3687735,1,14
2.1215649,5.5917253,1,14
3.1857233,5.3264427,1,14
1.5649064,4.3364058,1,14
1.1180383,5.505145,1,14
0.68324655,4.646955,1,14
4.6346135,4.595321,1,14
1.9475216,2.3572354,2,14
2.8697274,3.2727137,2,14
1.2087905,2.541782,2,14
0.30088997,3.3614323,2,14
4.1653314,3.6039083,2,14
2.573285,4.7817388,2,14
2.6019192,5.4848413,2,14
2.0681577,5.0515857,2,14
4.286425,4.2928934,2,14
-0.055372193,4.3367143,2,14
4.6948557,5.265493,2,14
1.8168346,2.6889732,3,14
3.1017299,2.7256744,3,14
1.4844809,2.3559327,3,14
0.44455802,3.7268162,3,14
3.5236154,3.6030536,3,14
2.949582,4.8215833,3,14
0.1003691,4.2528815,3,14
3.5591288,5.559769,3,14
1.8864222,4.354155,3,14
4.036478,4.5397844,3,14
0.39291275,4.2143135,3,14
4.46095,5.0552974,3,14
1.8782543,2.9997473,4,14
3.3014395,2.9589646,4,14
0.7771106,2.8090339,4,14
1.3368148,5.1780972,4,14
4.323825,3.9757998,4,14
0.68882525,5.19262,4,14
1.0378435,4.1691856,4,14
2.5286152,5.7888465,4,14
3.1315217,5.8813004,4,14
1.4991652,4.5678153,4,14
3.7736104,4.2111125,4,14
0.49301076,4.8700895,4,14
4.8367753,4.8065925,4,14
8.858884,25.030062,1,15
9.238289,23.004797,1,15
8.12933,23.461975,1,15
8.29857,22.784939,1,15
7.7727003,24.74306,1,15
5.718777,21.935667,1,15
7.7911205,22.404749,1,15
7.618206,21.362202,1,15
6.593852,21.23895,1,15
5.7190084,22.749928,1,15
8.267658,22.127087,1,15
8.807834,24.64916,2,15
8.933262,23.610193,2,15
7.795098,23.856806,2,15
8.233738,24.415127,2,15
7.5978303,24.394344,2,15
5.4699206,21.56597,2,15
7.836943,21.907137,2,15
5.9288106,20.767118,2,15
6.6585765,23.473118,2,15
6.0426993,23.6732,2,15
9.08543,24.272266,3,15
8.9005785,23.257782,3,15
8.294334,24.37038,3,15
8.430852,23.957523,3,15
7.513366,24.253614,3,15
5.9037805,21.58695,3,15
7.5559425,22.612211,3,15
7.045654,21.230066,3,15
6.0536466,20.896395,3,15
6.975468,23.509237,3,15
5.732268,23.498165,3,15
9.180244,24.76976,4,15
9.431953,23.517174,4,15
9.470293,24.935879,4,15
6.602485,22.167894,4,15
8.594413,22.200693,4,15
6.015989,22.436516,4,15
5.4468203,22.348146,4,15
7.163674,22.328966,4,15
7.32374,21.608952,4,15
6.473463,20.84334,4,15
6.6136813,23.071434,4,15
5.735814,23.159948,4,15
